场景名称,节点名称,标准问题
一次性创业补贴申领,start一次性创业补贴申领,一次性创业补贴申领
一次性创业补贴申领,1+13对应地市申领方式,地市名称
一次性创业补贴申领,一次性创业补贴的申领方式,一次性创业补贴的申领方式
一次性创业补贴申领,一次性创业补贴的适用范围,一次性创业补贴的适用范围
一次性创业补贴申领,一次性创业补贴的申领材料,一次性创业补贴的申领材料
一次性创业补贴申领,start1+13申领方式,[t_地市名称]一次性创业补贴的申领方式
一次性见习补贴申领,一次性见习补贴的申领对象,一次性见习补贴的申领对象
一次性见习补贴申领,一次性见习补贴的申领流程,一次性见习补贴的申领流程
一次性见习补贴申领,start一次性见习补贴申领,一次性见习补贴申领
一次性见习补贴申领,一次性见习补贴的申领材料,一次性见习补贴的申领材料
一次性见习补贴申领,一次性见习补贴的发放标准,一次性见习补贴的发放标准
上、下班交通费核定,办理对象,事业单位工作人员上、下班交通费的办理对象
上、下班交通费核定,办理条件,事业单位工作人员上、下班交通费核定办理条件
上、下班交通费核定,start上、下班交通费核定,事业单位工作人员职工上、下班交通费核定
上、下班交通费核定,办理流程,事业单位工作人员上、下班交通费核定办理流程
专业技术人员职业资格证书,发放时间,专业技术人员职业资格证书领取时间
专业技术人员职业资格证书,证书补办领取方式,专业技术人员职业资格证书补办后的领取方式
专业技术人员职业资格证书,成绩合格证明打印（验证）,专业技术人员职业资格考试打印（验证）成绩合格证明的方式
专业技术人员职业资格证书,二级建造师,二级建造师证书发放方式
专业技术人员职业资格证书,已经停考的证书2,已经停考的专业技术人员职业资格证书是否可以补办
专业技术人员职业资格证书,其他证书1,#CONFUSE#
专业技术人员职业资格证书,证书补办,专技人员证书补办
专业技术人员职业资格证书,已经停考的证书1,已经停考的专业技术人员职业资格证书
专业技术人员职业资格证书,start专业技术人员职业资格证书,专业技术人员职业资格证书
专业技术人员职业资格证书,start1+13联系方式,[t_地市名称]专业技术资格考试证书业务联系方式
专业技术人员职业资格证书,start人社系统负责的证书补办,考试中心负责的证书补办
专业技术人员职业资格证书,证书信息修改,专业技术人员职业资格证书信息修改流程
专业技术人员职业资格证书,补办流程,专业技术人员职业资格证书补办流程
专业技术人员职业资格证书,考试中心负责的证书2,考试中心负责的证书
专业技术人员职业资格证书,其他证书2,#CONFUSE#
专业技术人员职业资格证书,建设类证书,建设类证书
专业技术人员职业资格证书,start证书发放入口,专业技术资格考试证书发放
专业技术人员职业资格证书,start考试中心负责的证书发放,考试中心负责的证书发放
专业技术人员职业资格证书,申领流程,专业技术人员职业资格证书申领流程
专业技术人员职业资格证书,证书发放,专技人员证书发放
专业技术人员职业资格证书,补办周期,专业技术人员职业资格证书补办时间周期
专业技术人员职业资格证书,start证书补办入口<br/>,专业技术人员职业资格证书补办
专业技术人员职业资格证书,领取方式,专业技术人员职业资格证书领取方式
专业技术人员职业资格证书,领取材料,领取专业技术人员职业资格证书需提供的材料
专业技术人员职业资格证书,考试中心负责的证书1,考试中心负责的证书
专业技术人员职业资格证书,联系方式,专业技术资格证书业务联系方式
专业技术人员职业资格证书,1+13联系方式答案,地市名称
专业技术人员职业资格证书,职称外语,职称外语
专业技术人员职业资格证书,信息化素质考核,信息化素质考核
专业技术人员资格考试违纪行为处理,start资格考试违纪行为处理,专业技术人员资格考试违纪行为处理
专业技术人员资格考试违纪行为处理,特别严重违纪行为给予的处罚,专业技术人员资格考试特别严重违纪行为给予的处罚
专业技术人员资格考试违纪行为处理,严重违纪行为给予的处罚,专业技术人员资格考试严重违纪行为给予的处罚
专业技术人员资格考试违纪行为处理,考试过程中违纪违规行为,专业技术人员资格考试过程中哪些属于严重违纪违规的行为
专业技术人员资格考试违纪行为处理,考试过程中特别严重违纪违规,专业技术人员资格考试过程中哪些属于特别严重违纪违规的行为
专项职业能力考核申报,start专项职业能力考核申报,专项职业能力考核申报
专项职业能力考核申报,专项职业能力考核项目,专项职业能力考核项目
专项职业能力考核申报,专项职业能力考核申报条件,专项职业能力考核申报条件
专项职业能力考核申报,专项职业能力考核申报流程,专项职业能力考核申报流程
个人就业见习岗位申请,个人参加就业见习的报名材料,个人参加就业见习的报名材料
个人就业见习岗位申请,个人参加就业见习的报名对象条件,个人参加就业见习的报名对象及条件
个人就业见习岗位申请,start个人就业见习岗位申请,个人就业见习岗位申请
个人就业见习岗位申请,线下报名流程,个人参加就业见习的线下报名流程
个人就业见习岗位申请,参加就业见习的报名流程,参加就业见习的报名流程
个人就业见习岗位申请,start个人参加就业见习的报名流程,个人参加就业见习的报名流程
个人就业见习岗位申请,线上报名流程,个人参加就业见习的线上报名流程
个人求职登记,办理材料,个人求职登记的办理材料
个人求职登记,办理流程,个人求职登记的办理流程
个人求职登记,start个人求职登记,个人求职登记
个人求职登记,办理对象,个人求职登记的办理对象
个人求职登记,办理条件,个人求职登记的办理条件
中国江苏人才创新创业大赛申报,大赛总决赛的比赛流程,中国江苏人才创新创业大赛总决赛的比赛流程
中国江苏人才创新创业大赛申报,大赛的报名条件,中国江苏人才创新创业大赛的报名条件
中国江苏人才创新创业大赛申报,start中国江苏人才创新创业大赛申报,中国江苏人才创新创业大赛申报
中国江苏人才创新创业大赛申报,大赛的政策支持,中国江苏人才创新创业大赛的政策支持
中国江苏人才创新创业大赛申报,大赛选拔赛各设区市推荐流程,中国江苏人才创新创业大赛选拔赛各设区市推荐流程
中外合作职业技能培训机构设立,办理流程,中外合作职业技能培训机构审批办理流程
中外合作职业技能培训机构设立,办理材料,中外合作职业技能培训机构审批办理材料
中外合作职业技能培训机构设立,start中外合作职业技能培训机构设立,中外合作职业技能培训机构设立
中外合作职业技能培训机构设立,审批的条件,中外合作职业技能培训机构审批的条件
中外合作职业技能培训项目设立审批,start中外合作职业技能培训项目,中外合作职业技能培训项目设立审批
中外合作职业技能培训项目设立审批,合作协议中应该包含的内容,举办中外合作职业技能培训办学项目签订的合作协议中应该包含的内容
中外合作职业技能培训项目设立审批,设立条件,中外合作职业技能培训项目的设立条件
中外合作职业技能培训项目设立审批,审批流程,中外合作职业技能培训项目设立审批流程
中外合作职业技能培训项目设立审批,审批材料,中外合作职业技能培训项目设立审批材料
临时工资核定,办理对象,事业单位工作人员临时工资核定办理对象
临时工资核定,办理流程,事业单位工作人员临时工资核定办理流程
临时工资核定,start临时工资核定,事业单位工作人员临时工资核定
临时工资核定,办理条件,事业单位工作人员临时工资核定办理条件
事业单位、国有企业人员和机关工勤人员调动手续办理,start人员调动手续办理,事业单位、国有企业人员和机关工勤人员调动手续办理
事业单位、国有企业人员和机关工勤人员调动手续办理,受理条件,事业单位、国有企业人员调动的受理条件
事业单位、国有企业人员和机关工勤人员调动手续办理,办理方式,事业单位、国有企业人员调动的办理方式
事业单位、国有企业人员和机关工勤人员调动手续办理,办理对象,事业单位、国有企业人员调动的办理对象
事业单位、国有企业人员和机关工勤人员调动手续办理,所需材料,事业单位、国有企业人员调动所需材料
事业单位、国有企业人员和机关工勤人员调动手续办理,可打印的材料,事业单位、国有企业人员调动手续办理完成后可打印的材料
事业单位与工作人员解除人事关系备案,start事业单位人员解除人事关系备案,事业单位与工作人员解除人事关系备案
事业单位与工作人员解除人事关系备案,办理地点,事业单位与工作人员解除人事关系的办理地点
事业单位与工作人员解除人事关系备案,文件依据,事业单位与工作人员解除人事关系备案的政策文件依据
事业单位公开招聘应聘人员违纪违规行为处理,start事业单位公开招聘违纪违规行为,事业单位公开招聘应聘人员违纪违规行为处理
事业单位公开招聘应聘人员违纪违规行为处理,事业单位招聘严重违纪情形及处理,事业单位公开招聘考试中严重违纪的情形及处理
事业单位公开招聘应聘人员违纪违规行为处理,事业单位招聘特别严重违纪情形,事业单位公开招聘考试中特别严重违纪的情形及处理
事业单位公开招聘拟聘用人员公示的地址,1+13聘用人员公示的地址,地市名称
事业单位公开招聘拟聘用人员公示的地址,start事业单位公开招聘拟聘用人员地址,[t_地市名称]事业单位公开招聘拟聘用人员公示的地址
事业单位公开招聘方案备案（核准）,start事业单位公开招聘方案（核准）,事业单位公开招聘方案备案（核准）
事业单位公开招聘方案备案（核准）,事业单位招聘方案和结果核准部门,负责省属事业单位公开招聘方案和公开招聘结果核准的主管部门
事业单位公开招聘方案备案（核准）,事业单位招聘方案包含的内容,事业单位公开招聘方案应当包含的内容
事业单位岗位设置方案核准备案,start事业单位岗位设置方案核准备案,事业单位岗位设置方案核准备案
事业单位岗位设置方案核准备案,事业单位岗位备案的主体,办理事业单位岗位设置方案备案的主体
事业单位岗位设置方案核准备案,事业单位岗位备案的服务对象,事业单位岗位设置方案备案的具体服务对象
事业单位岗位设置方案核准备案,事业单位岗位设置方案文件依据,事业单位岗位设置方案核准备案可参考的政策文件依据
事业单位工作人员学历提高工资核定,start事业单位学历提高工资核定,事业单位工作人员学历提高工资核定
事业单位工作人员学历提高工资核定,办理流程,事业单位工作人员学历提高工资核定办理流程
事业单位工作人员学历提高工资核定,办理对象,事业单位工作人员学历提高工资核定办理对象
事业单位工作人员学历提高工资核定,办理条件,事业单位工作人员学历提高工资核定办理条件
事业单位工作人员学历提高工资核定,办理材料,事业单位工作人员学历提高工资核定办理材料
事业单位工作人员岗位调整聘用核准备案,start事业单位人员岗位调整聘用核准,事业单位工作人员岗位调整聘用核准备案
事业单位工作人员岗位调整聘用核准备案,事业单位工作人员岗位聘用主体,事业单位工作人员岗位调整聘用核准备案的办理主体
事业单位工作人员岗位调整聘用核准备案,事业单位工作人员岗位聘用对象,事业单位工作人员岗位调整聘用核准备案的具体服务对象
事业单位工作人员岗位调整聘用核准备案,事业单位工作人员岗位调整依据,事业单位工作人员岗位调整聘用核准备案可参考的政策文件依据
事业单位工作人员工龄变更核定,办理材料,事业单位工作人员工龄变更核定的材料
事业单位工作人员工龄变更核定,办理对象,事业单位工作人员工龄变更核定的办理对象
事业单位工作人员工龄变更核定,start事业单位工作人员工龄变更核定,事业单位工作人员工龄变更核定
事业单位工作人员工龄变更核定,办理流程,事业单位工作人员工龄变更核定办理流程
事业单位工作人员年度考核审核备案,start事业单位年度考核审核备案,事业单位工作人员年度考核审核备案
事业单位工作人员年度考核审核备案,事业单位工作人员年度考核流程,事业单位工作人员年度考核备案的流程
事业单位工作人员年度考核审核备案,事业单位工作人员年度考核依据,事业单位工作人员年度考核审核备案的政策文件依据
事业单位工作人员开除处分备案,start事业单位工作人员开除处分备案,事业单位工作人员开除处分备案
事业单位工作人员开除处分备案,事业单位降低岗位等级或撤职处分,事业单位人员应给予降低岗位等级或者撤职以上处分的情形
事业单位工作人员开除处分备案,事业单位工作人员处分原则,对事业单位工作人员处分应当坚持的原则
事业单位工作人员开除处分备案,事业单位提前解除处分的情形,事业单位工作人员可以提前解除处分的情形
事业单位工作人员开除处分备案,事业单位工作人员处分要求,对事业单位工作人员处分制度的要求
事业单位工作人员开除处分备案,事业单位工作人员处分内容,事业单位工作人员处分决定的内容
事业单位工作人员遗属补助核定,办理材料,事业单位工作人员遗属补助核定办理材料
事业单位工作人员遗属补助核定,start事业单位工作人员遗属补助核定,事业单位工作人员遗属补助核定
事业单位工作人员遗属补助核定,办理条件,事业单位工作人员遗属补助的核定办理条件
事业单位工作人员遗属补助核定,办理流程,事业单位工作人员遗属补助核定办理流程
事业单位录用应届高校毕业生手续办理,办理材料,事业单位应届高校毕业生接收手续办理材料
事业单位录用应届高校毕业生手续办理,start事业单位录用应届毕业生手续办理,事业单位录用应届高校毕业生手续办理
事业单位录用应届高校毕业生手续办理,办理对象,事业单位接收应届高校毕业生手续办理对象
事业单位录用应届高校毕业生手续办理,可打印的材料,事业单位接收应届高校毕业生手续办理完成后可打印的材料
事业单位录用应届高校毕业生手续办理,受理条件,事业单位接收应届高校毕业生的受理条件
事业单位录用应届高校毕业生手续办理,接收方式,事业单位录用应届高校毕业生的接收方式
事业单位录用流动人才手续办理,start事业单位录用流动人才手续办理,事业单位录用流动人才手续办理
事业单位录用流动人才手续办理,受理条件,事业单位录用流动人才的受理条件
事业单位录用流动人才手续办理,办理方式,事业单位录用流动人才办理方式
事业单位录用流动人才手续办理,办理对象,事业单位录用流动人才手续办理对象
事业单位录用流动人才手续办理,办理材料,事业单位录用流动人才办理材料
事业单位录用流动人才手续办理,可打印的材料,事业单位流动人才录用手续办理完成后可打印的材料
事业单位录用留学回国人员手续办理,start事业单位录用留学回国人员,事业单位录用留学回国人员手续办理
事业单位录用留学回国人员手续办理,受理条件,事业单位录用留学回国人员的受理条件
事业单位录用留学回国人员手续办理,办理方式,事业单位录用留学回国人员的办理方式
事业单位录用留学回国人员手续办理,办理对象,事业单位录用留学回国人员手续办理对象
事业单位录用留学回国人员手续办理,办理材料,事业单位录用留学回国人员手续办理材料
事业单位录用留学回国人员手续办理,可打印的材料,事业单位留学回国人员录用手续办理完成后可打印的材料
事业单位报名信息提交后的审核期限,1+13各地市事业单位审核期限,地市名称
事业单位报名信息提交后的审核期限,start事业单位报名提交后的审核期限,[t_地市名称]事业单位报名信息提交后的审核期限
事业单位报考专业审核不通过的处理方式,1+13各地市不通过处理方式,地市名称
事业单位报考专业审核不通过的处理方式,start事业单位专业不通过的处理方式,[t_地市名称]事业单位报考专业审核不通过的处理方式
事业单位报考的专业参考目录,1+13各地市专业参考目录,地市名称
事业单位报考的专业参考目录,start事业单位报考的专业参考目录,[t_地市名称]事业单位报考的专业参考目录
事业单位报考资格审核的主管部门,1+13各地市报考审核主管部门,地市名称
事业单位报考资格审核的主管部门,start事业单位报考资格审核的主管部门,[t_地市名称]事业单位报考资格审核的主管部门
事业单位新进人员聘用核准备案,start 事业单位新进人员聘用核准备案,事业单位新进人员聘用核准备案
事业单位新进人员聘用核准备案,事业单位岗位聘用人员备案的主体,事业单位岗位聘用人员备案的主体
事业单位新进人员聘用核准备案,事业单位岗位聘用人员服务对象,事业单位岗位聘用人员备案的具体服务对象
事业单位新进人员聘用核准备案,事业单位新进人员聘用核准依据,事业单位新进人员聘用核准备案可参考的政策文件依据
事业单位离休人员基本离休费调整核定,办理对象,事业单位离休人员基本离休费调整核定办理对象
事业单位离休人员基本离休费调整核定,start离休人员基本离休费调整核定,事业单位离休人员基本离休费调整核定
事业单位离休人员基本离休费调整核定,办理条件,事业单位离休人员基本离休费调整核定办理条件
事业单位离休人员基本离休费调整核定,办理流程,事业单位离休人员基本离休费调整核定办理流程
事业单位离休人员补贴核定,start事业单位离休人员补贴核定,事业单位离休人员补贴核定
事业单位离休人员补贴核定,办理对象,事业单位离休人员补贴核定办理对象
事业单位离休人员补贴核定,办理流程,事业单位离休人员补贴核定办理流程
事业单位离休人员补贴核定,办理条件,事业单位离休人员补贴核定办理条件
事业单位集体及工作人员奖励审批及备案,start集体及工作人员奖励审批备案,事业单位集体及工作人员奖励审批及备案
事业单位集体及工作人员奖励审批及备案,事业单位工作人员嘉奖审批流程,事业单位工作人员或集体嘉奖办理审批备案的流程
事业单位集体及工作人员奖励审批及备案,事业单位工作人员记功审批备流程,事业单位工作人员或集体记功办理审批备案的流程
事业单位集体及工作人员奖励审批及备案,事业单位工作人员记大功审批流程,事业单位工作人员或集体记大功办理审批的流程
事业单位集体及工作人员奖励审批及备案,事业单位工作人员荣誉称号依据,事业单位工作人员或集体授予称号以及荣誉称号审批备案的办理依据
享受国务院政府特殊津贴人员申报,start享受国务院政府特殊津贴人员申报,享受国务院政府特殊津贴人员申报
享受国务院政府特殊津贴人员申报,企事业单位的领导特殊津贴,企事业单位的领导是否可以申报国务院政府特殊津贴
享受国务院政府特殊津贴人员申报,特殊津贴的申报条件,国务院政府特殊津贴的申报条件
享受国务院政府特殊津贴人员申报,特殊津贴的申报对象,国务院政府特殊津贴的申报对象
享受国务院政府特殊津贴人员申报,特殊津贴的职称要求,申报享受国务院政府特殊津贴的职称要求
享受国务院政府特殊津贴人员申报,公务员或事业单位特殊津贴,公务员或事业单位是否可以申报国务院政府特殊津贴
享受国务院政府特殊津贴人员申报,企业人员申报的渠道,企业工作的人员申报的渠道
享受国务院政府特殊津贴人员申报,特殊津贴人员的奖励标准,享受国务院政府特殊津贴人员的奖励标准
人事考试应试人员违纪违规行为的认定与处理,申诉1,事业单位公开招聘考试违纪申诉方式
人事考试应试人员违纪违规行为的认定与处理,情形2,公务员录用考试中一般违纪的情形
人事考试应试人员违纪违规行为的认定与处理,专业技术人员资格考试,专业技术人员资格考试
人事考试应试人员违纪违规行为的认定与处理,申诉2,公务员录用考试违纪申诉方式
人事考试应试人员违纪违规行为的认定与处理,申诉3,专业技术人员资格考试违纪申诉方式
人事考试应试人员违纪违规行为的认定与处理,事业单位公开招聘考试,事业单位公开招聘考试
人事考试应试人员违纪违规行为的认定与处理,处理3,专业技术人员资格考试中一般违纪的处理
人事考试应试人员违纪违规行为的认定与处理,公务员录用考试,公务员录用考试
人事考试应试人员违纪违规行为的认定与处理,处理2,公务员录用考试中一般违纪的处理
人事考试应试人员违纪违规行为的认定与处理,情形3,专业技术人员资格考试中一般违纪的情形
人事考试应试人员违纪违规行为的认定与处理,情形1,事业单位公开招聘考试中一般违纪的情形
人事考试应试人员违纪违规行为的认定与处理,start专业技术人员资格考试一般违纪,专业技术人员资格考试一般违纪
人事考试应试人员违纪违规行为的认定与处理,start公务员考试一般违纪,公务员录用考试中一般违纪
人事考试应试人员违纪违规行为的认定与处理,start人事考试应试人员违纪违规,人事考试应试人员违纪违规行为的认定与处理 
人事考试应试人员违纪违规行为的认定与处理,流程,专业技术人员资格考试中一般违纪行为的处理流程
人事考试应试人员违纪违规行为的认定与处理,start事业单位考试一般违纪,事业单位公开招聘考试中一般违纪的认定与处理
人力资源分支机构登记,收费标准,人力资源分支机构登记收费标准
人力资源分支机构登记,办结时限,人力资源分支机构登记办结时限
人力资源分支机构登记,受理依据,人力资源分支机构登记受理依据
人力资源分支机构登记,审批部门,人力资源分支机构登记审批部门
人力资源分支机构登记,start人力资源分支机构登记,人力资源分支机构登记
人力资源分支机构登记,所需材料,人力资源分支机构登记所需材料
人力资源分支机构登记,审批结果查询方式,人力资源分支机构登记审批结果查询方式
人力资源服务业务备案,备案申请方式,人力资源服务业务备案申请方式
人力资源服务业务备案,备案审批部门,人力资源服务业务备案审批部门
人力资源服务业务备案,备案办结时限,人力资源服务业务备案办结时限
人力资源服务业务备案,备案所需材料,人力资源服务业务备案所需材料
人力资源服务业务备案,备案审批结果查询方式,人力资源服务业务备案审批结果查询方式
人力资源服务业务备案,备案受理依据,人力资源服务业务备案受理依据
人力资源服务业务备案,start人力资源服务业务备案,人力资源服务业务备案
人力资源服务业务备案,备案收费标准,人力资源服务业务备案收费标准
人力资源服务机构变更及注销,办结时限,人力资源服务机构变更及注销办结时限
人力资源服务机构变更及注销,审批部门,人力资源服务机构变更及注销审批部门
人力资源服务机构变更及注销,所需材料,人力资源服务机构变更及注销所需材料
人力资源服务机构变更及注销,start人力资源服务机构变更及注销,人力资源服务机构变更及注销
人力资源服务机构变更及注销,收费标准,人力资源服务机构变更及注销收费标准
人力资源服务机构变更及注销,受理依据,人力资源服务机构变更及注销受理依据
人力资源服务机构变更及注销,审批结果查询方式,人力资源服务机构变更及注销审批结果查询方式
人力资源服务机构年度报告,审批部门,人力资源服务机构年度报告审批部门
人力资源服务机构年度报告,审批结果查询方式,人力资源服务机构年度报告审批结果查询方式
人力资源服务机构年度报告,办结时限,人力资源服务机构年度报告办结时限
人力资源服务机构年度报告,受理依据,人力资源服务机构年度报告受理依据
人力资源服务机构年度报告,所需材料,人力资源服务机构年度报告所需材料
人力资源服务机构年度报告,start人力资源服务机构年度报告,人力资源服务机构年度报告
人力资源服务许可审批,审批部门,人力资源服务许可审批部门
人力资源服务许可审批,审批所需材料,人力资源服务许可审批所需材料
人力资源服务许可审批,审批办结时限,人力资源服务许可审批办结时限
人力资源服务许可审批,审批结果查询方式,人力资源服务许可审批结果查询方式
人力资源服务许可审批,审批条件,人力资源服务许可审批条件
人力资源服务许可审批,审批范围,人力资源服务许可审批范围
人力资源服务许可审批,start人力资源服务许可审批,人力资源服务许可审批
人力资源服务许可审批,审批申请方式,人力资源服务许可审批申请方式
人力资源服务许可审批,审批收费标准,人力资源服务许可审批收费标准
以工代训补贴申领,start以工代训补贴申领,以工代训补贴申领
以工代训补贴申领,办理地点,以工代训补贴申领的办理地点
以工代训补贴申领,办理材料,以工代训补贴申领办理材料
以工代训补贴申领,补贴标准,以工代训补贴的标准
以工代训补贴申领,办理条件,以工代训补贴申领办理条件
企业新型学徒制培训,start企业新型学徒制培训,企业新型学徒制培训
企业新型学徒制培训,办理条件,企业新型学徒制培训办理条件
企业新型学徒制培训,办理地点,企业新型学徒制培训办理地点
企业新型学徒制培训,办理材料,企业新型学徒制培训办理材料
企业新型学徒制培训,补贴标准,企业新型学徒制培训的补贴标准
企业新型学徒制培训,start企业新型学徒制培训补贴标准,企业新型学徒制培训补贴标准
企业新型学徒制培训,中级工,中级工补贴标准
企业新型学徒制培训,高级工,高级工补贴标准
企业新型学徒制培训,技师,技师补贴标准
企业新型学徒制培训,高级技师,高级技师补贴标准
企业职工岗前培训补贴,企业职工岗前培训补贴的申请条件,企业职工岗前培训补贴的申请条件
企业职工岗前培训补贴,企业职工岗前培训补贴的申请材料,企业职工岗前培训补贴的申请材料
企业职工岗前培训补贴,企业职工岗前培训补贴的申请方式,企业职工岗前培训补贴的申请方式
企业职工岗前培训补贴,start企业职工岗前培训补贴,企业职工岗前培训补贴
公共人才服务机构人事档案材料补充、鉴别和归档,学历的归档材料,学历的归档材料
公共人才服务机构人事档案材料补充、鉴别和归档,入党的归档材料,入党的归档材料
公共人才服务机构人事档案材料补充、鉴别和归档,办理流程,公共人才服务机构人事档案材料补充、鉴别和归档办理流程
公共人才服务机构人事档案材料补充、鉴别和归档,start补充、鉴别和归档办理材料,公共人才服务机构人事档案材料补充、鉴别和归档办理材料
公共人才服务机构人事档案材料补充、鉴别和归档,职称的归档材料,职称的归档材料
公共人才服务机构人事档案材料补充、鉴别和归档,办理对象,公共人才服务机构人事档案材料补充、鉴别和归档办理对象
公共人才服务机构人事档案材料补充、鉴别和归档,工作的归档材料,工作的归档材料
公共人才服务机构人事档案材料补充、鉴别和归档,办理材料,公共人才服务机构档案材料补充、鉴别和归档办理材料
公共人才服务机构人事档案材料补充、鉴别和归档,办理时限,公共人才服务机构人事档案材料补充、鉴别和归档办理时限
公共人才服务机构人事档案材料补充、鉴别和归档,start公共人才人事档案材料归档,公共人才服务机构人事档案材料补充、鉴别和归档
公共人才服务机构人事档案材料补充、鉴别和归档,办理条件,公共人才服务机构人事档案材料补充、鉴别和归档办理条件
公共人才服务机构人才集体户口准入,办理材料,公共人才服务机构人才集体户口准入的办理材料
公共人才服务机构人才集体户口准入,start人才集体户口准入,公共人才服务机构人才集体户口准入
公共人才服务机构人才集体户口准入,办理对象,公共人才服务机构人才集体户口准入的办理对象
公共人才服务机构人才集体户口准入,办理流程,公共人才服务机构人才集体户口准入的办理流程
公共人才服务机构人才集体户口准入,办理条件,公共人才服务机构人才集体户口准入的办理条件
公共人才服务机构人才集体户口页补办介绍信出具,办理材料,公共人才服务机构人才集体户口页补办介绍信出具办理材料
公共人才服务机构人才集体户口页补办介绍信出具,start人才集体户口页补办介绍信出具,公共人才服务机构人才集体户口页补办介绍信出具
公共人才服务机构人才集体户口页补办介绍信出具,办理流程,公共人才服务机构人才集体户口页补办介绍信出具办理流程
公共人才服务机构人才集体户口页补办介绍信出具,办理对象及条件,公共人才服务机构人才集体户口页补办介绍信出具办理对象及条件
公共人才服务机构单位人事代理关系建立,start单位人事代理关系建立,公共人才服务机构单位人事代理关系建立
公共人才服务机构单位人事代理关系建立,办理流程,公共人才服务机构单位人事代理关系建立的办理流程
公共人才服务机构单位人事代理关系建立,办理材料,公共人才服务机构单位人事代理关系建立的办理材料
公共人才服务机构单位人事代理关系建立,办理对象及条件,公共人才服务机构单位人事代理关系建立的办理对象及条件
公共人才服务机构流动人员人事档案接收,代理单位录用的其他人员,公共人才服务机构对录用的其他人才档案接收的办理流程
公共人才服务机构流动人员人事档案接收,人事档案接收的办理流程,人事档案接收的办理流程
公共人才服务机构流动人员人事档案接收,流动人员人事档案接收的办理对象,流动人员人事档案接收的办理对象
公共人才服务机构流动人员人事档案接收,start公共人才流动人员人事档案接收,公共人才服务机构流动人员人事档案接收
公共人才服务机构流动人员人事档案接收,start流动人员人事档案接收的办理流程,公共人才服务机构流动人员人事档案接收的办理流程
公共人才服务机构流动人员人事档案接收,开具调档函的材料,流动人员人事档案接收开具调档函的材料
公共人才服务机构流动人员人事档案接收,解除人事聘录用关系人员,公共人才服务机构对解除人事聘用关系人员人事档案接收的办理流程
公共人才服务机构流动人员人事档案接收,流动人员人事档案接收的办理时限,流动人员人事档案接收的办理时限
公共人才服务机构流动人员人事档案接收,毕业生,公共人才服务机构对毕业生档案接收的办理流程
公共人才服务机构流动人员人事档案证明出具,办理条件,公共人才服务机构流动人员人事档案证明出具的办理条件
公共人才服务机构流动人员人事档案证明出具,start公共人才档案证明出具办理材料,公共人才服务机构流动人员人事档案证明出具的办理材料
公共人才服务机构流动人员人事档案证明出具,档案查阅告知单,档案查阅告知单
公共人才服务机构流动人员人事档案证明出具,个人存档证明,个人存档证明
公共人才服务机构流动人员人事档案证明出具,办理材料,公共人才机构流动人员人事档案证明出具的办理材料
公共人才服务机构流动人员人事档案证明出具,办理对象,公共人才服务机构流动人员人事档案证明出具的办理对象
公共人才服务机构流动人员人事档案证明出具,单位存档证明,单位存档证明
公共人才服务机构流动人员人事档案证明出具,办理流程,公共人才服务机构流动人员人事档案证明出具的办理流程
公共人才服务机构流动人员人事档案证明出具,start人才流动人员人事档案证明出具,公共人才服务机构流动人员人事档案证明出具
公共人才服务机构流动人员人事档案证明出具,工作经历证明,工作经历证明
公共人才服务机构流动人员人事档案证明出具,办理时限,公共人才服务机构流动人员人事档案证明出具的办理时限
公共人才服务机构流动人员人事档案转出,start公共人才流动人员人事档案转出,公共人才服务机构流动人员人事档案转出
公共人才服务机构流动人员人事档案转出,办理对象,公共人才服务机构流动人员人事档案转出的办理对象
公共人才服务机构流动人员人事档案转出,办理流程,公共人才服务机构流动人员人事档案转出的办理流程
公共人才服务机构流动人员人事档案转出,办理时限,公共人才服务机构流动人员人事档案转出的办理时限
公共人才服务机构流动人员人事档案转出,start人事档案转出的办理材料,公共人才服务机构流动人员人事档案转出的办理材料
公共人才服务机构流动人员人事档案转出,升学,公共人才服务机构流动人员人事档案升学转出的办理材料
公共人才服务机构流动人员人事档案转出,办理条件,公共人才服务机构流动人员人事档案转出的办理条件
公共人才服务机构流动人员人事档案转出,工作变动,公共人才服务机构流动人员人事档案工作变动转出的办理材料
公共人才服务机构流动人员人事档案转出,办理材料,公共人才服务机构流动人员档案转出的办理材料
公共人才服务机构流动人员人事档案转出,退休,公共人才服务机构流动人员人事档案退休转出的办理材料
公共就业服务机构人才集体户口准入,省级,省级公共就业机构人才集体户口准入
公共就业服务机构人才集体户口准入,start人才集体户口准入,公共就业服务机构人才集体户口准入
公共就业服务机构人才集体户口准入,start省级就业机构人才集体户口准入,省级公共就业服务机构人才集体户口准入
公共就业服务机构人才集体户口准入,办理条件,省级公共就业服务机构人才集体户口准入的办理条件
公共就业服务机构人才集体户口准入,办理材料,省级公共就业服务机构人才集体户口准入的办理材料
公共就业服务机构人才集体户口准入,办理流程,省级公共就业服务机构人才集体户口准入的办理流程
公共就业服务机构人才集体户口准入,办理对象,省级公共就业服务机构人才集体户口准入的办理对象
公共就业服务机构人才集体户口准入,办理网址,省级公共就业服务机构人才集体户口准入的办理网址
公共就业服务机构人才集体户口准入,地市,地市公共就业服务机构人才集体户口准入
公共就业服务机构人才集体户口页补办介绍信出具,start人才集体户口页补办介绍信出具,公共就业服务机构人才集体户口页补办介绍信出具
公共就业服务机构人才集体户口页补办介绍信出具,办理材料,公共就业服务机构人才集体户口页补办介绍信出具的办理材料
公共就业服务机构人才集体户口页补办介绍信出具,办理条件,公共就业服务机构人才集体户口页补办介绍信出具的办理条件
公共就业服务机构人才集体户口页补办介绍信出具,办理流程,公共就业服务机构人才集体户口页补办介绍信出具的办理流程
公共就业服务机构人才集体户口页补办介绍信出具,办理对象,公共就业服务机构人才集体户口页补办介绍信出具的办理对象
公共就业服务机构单位人事代理关系建立,办理材料,公共就业服务机构单位人事代理关系建立的办理材料
公共就业服务机构单位人事代理关系建立,办理条件,公共就业服务机构单位人事代理关系建立的办理条件
公共就业服务机构单位人事代理关系建立,start省级机构单位人事代理关系建立,省级公共就业服务机构单位人事代理关系建立
公共就业服务机构单位人事代理关系建立,省级,省级公共就业机构单位人事代理关系建立
公共就业服务机构单位人事代理关系建立,办理网址,公共就业服务机构单位人事代理关系建立的办理网址
公共就业服务机构单位人事代理关系建立,办理流程,公共就业服务机构单位人事代理关系建立的办理流程
公共就业服务机构单位人事代理关系建立,地市,地市公共就业服务机构单位人事代理关系建立
公共就业服务机构单位人事代理关系建立,start单位人事代理关系建立,公共就业服务机构单位人事代理关系建立
公共就业服务机构单位人事代理关系建立,办理对象,公共就业服务机构单位人事代理关系建立的办理对象
公共就业服务机构流动人员人事档案接收,办理流程,公共就业服务机构流动人员人事档案接收办理流程
公共就业服务机构流动人员人事档案接收,办理网址,公共就业服务机构流动人员人事档案接收办理网址
公共就业服务机构流动人员人事档案接收,开具商调函的办理材料,公共就业服务机构流动人员人事档案接收开具商调函的办理材料
公共就业服务机构流动人员人事档案接收,办理对象,公共就业服务机构流动人员人事档案接收办理对象
公共就业服务机构流动人员人事档案接收,办理条件,公共就业服务机构流动人员人事档案接收办理条件
公共就业服务机构流动人员人事档案接收,start就业机构流动人员人事档案,公共就业服务机构流动人员人事档案接收
公共就业服务机构流动人员人事档案查阅,注意事项,公共就业服务机构流动人员人事档案查阅的注意事项
公共就业服务机构流动人员人事档案查阅,办理材料,公共就业服务机构流动人员人事档案查阅的办理材料
公共就业服务机构流动人员人事档案查阅,办理对象,公共就业服务机构流动人员人事档案查阅的办理对象
公共就业服务机构流动人员人事档案查阅,start公共就业流动人员人事档案查阅,公共就业服务机构流动人员人事档案查阅
公共就业服务机构流动人员人事档案查阅,办理流程,公共就业服务机构流动人员人事档案查阅的办理流程
公共就业服务机构流动人员人事档案查阅,办理条件,公共就业服务机构流动人员人事档案查阅的办理条件
公共就业服务机构流动人员人事档案证明出具,办理材料,公共就业服务机构流动人员人事档案证明出具的办理材料
公共就业服务机构流动人员人事档案证明出具,start流动人员人事档案证明出具,公共就业服务机构流动人员人事档案证明出具
公共就业服务机构流动人员人事档案证明出具,办理条件,公共就业服务机构流动人员人事档案证明出具的办理条件
公共就业服务机构流动人员人事档案证明出具,办理网址,公共就业服务机构流动人员人事档案证明出具的办理网址
公共就业服务机构流动人员人事档案证明出具,办理流程,公共就业服务机构流动人员人事档案证明出具的办理流程
公共就业服务机构流动人员人事档案证明出具,办理对象,公共就业服务机构流动人员人事档案证明出具的办理对象
公共就业服务机构流动人员人事档案转出,办理流程,公共就业服务机构流动人员人事档案转出的办理流程
公共就业服务机构流动人员人事档案转出,回原籍,档案在公共就业服务机构管理档案转回原籍的办理材料
公共就业服务机构流动人员人事档案转出,再就业,档案在公共就业服务机构管理新单位入职办理档案转出的办理材料
公共就业服务机构流动人员人事档案转出,办理网址,公共就业服务机构流动人员人事档案转出的办理网址
公共就业服务机构流动人员人事档案转出,升学,档案在公共就业服务机构管理升学办理档案转出的办理材料
公共就业服务机构流动人员人事档案转出,办理材料,公共就业机构流动人员人事档案转出的办理材料
公共就业服务机构流动人员人事档案转出,start公共就业机构档案转出的办理材料,公共就业服务机构流动人员人事档案转出的办理材料
公共就业服务机构流动人员人事档案转出,退休,档案在公共就业服务机构管理退休办理档案转出的办理材料
公共就业服务机构流动人员人事档案转出,办理条件,公共就业服务机构流动人员人事档案转出的办理条件
公共就业服务机构流动人员人事档案转出,start流动人员人事档案转出,公共就业服务机构流动人员人事档案转出
公共就业服务机构流动人员人事档案转出,办理对象,公共就业服务机构流动人员人事档案转出的办理对象
公共就业机构流动人员人事档案材料补充、鉴别和归档,办理条件,公共就业服务机构流动人员人事档案材料补充、鉴别和归档的办理条件
公共就业机构流动人员人事档案材料补充、鉴别和归档,办理流程,公共就业服务机构流动人员人事档案材料补充、鉴别和归档的办理流程
公共就业机构流动人员人事档案材料补充、鉴别和归档,归档范围,公共就业服务机构流动人员人事档案材料补充、鉴别和归档范围
公共就业机构流动人员人事档案材料补充、鉴别和归档,start流动人员人事档案材料补充,公共就业服务机构流动人员人事档案材料补充、鉴别和归档
公共就业机构流动人员人事档案材料补充、鉴别和归档,办理材料,公共就业服务机构流动人员人事档案材料补充、鉴别和归档的办理材料
军转安置调动工资核定,办理条件,事业单位工作人员军转安置调动工资核定办理条件
军转安置调动工资核定,办理材料,事业单位工作人员军转安置调动工资核定办理材料
军转安置调动工资核定,start军转安置调动工资核定,事业单位工作人员军转安置调动工资核定
军转安置调动工资核定,办理对象,事业单位工作人员军转安置调动工资核定办理对象
军转安置调动工资核定,办理流程,事业单位工作人员军转安置调动工资核定办理流程
创业场地租金补贴申领,start创业场地租金补贴申领,创业场地租金补贴申领
创业场地租金补贴申领,创业场地租金补贴的适用范围,创业场地租金补贴的适用范围
创业场地租金补贴申领,start1+13申领方式,[t_地市名称]创业场地租金补贴的申领方式
创业场地租金补贴申领,1+13对应地市申领方式,地市名称
创业场地租金补贴申领,创业场地租金补贴的申领材料,创业场地租金补贴的申领材料
创业场地租金补贴申领,创业场地租金补贴的申领方式,创业场地租金补贴的申领方式
创业培训补贴,创业培训补贴的申请材料,创业培训补贴的申请材料
创业培训补贴,start创业培训补贴,创业培训补贴
创业培训补贴,创业培训补贴的补贴标准,创业培训补贴的补贴标准
创业培训补贴,创业培训补贴的适用范围,创业培训补贴的适用范围
创业培训补贴,创业培训补贴的申请方式,创业培训补贴的申请方式
创业基地运营补贴申领,创业基地运营补贴的补贴标准,创业基地运营补贴的补贴标准
创业基地运营补贴申领,start1+13申领方式,[t_地市名称]创业基地运营补贴的申领方式
创业基地运营补贴申领,创业基地运营补贴的申领方式,创业基地运营补贴的申领方式
创业基地运营补贴申领,创业基地运营补贴的申领材料,创业基地运营补贴的申领材料
创业基地运营补贴申领,1+13对应地市申领方式,地市名称
创业基地运营补贴申领,start创业基地运营补贴申领,创业基地运营补贴申领
创业失败社保补贴申领,创业失败社保补贴的申领材料,创业失败社保补贴的申领材料
创业失败社保补贴申领,创业失败社保补贴的补贴标准,创业失败社保补贴的补贴标准
创业失败社保补贴申领,start创业失败社保补贴申领,创业失败社保补贴申领
创业失败社保补贴申领,创业失败社保补贴的申领方式,创业失败社保补贴的申领方式
创业失败社保补贴申领,1+13对应地市申领方式,地市名称
创业失败社保补贴申领,start1+13申领方式,[t_地市名称]创业失败社保补贴的申领方式
创业孵化补贴申领,1+13对应地市申领方式,地市名称
创业孵化补贴申领,创业孵化补贴的适用范围,创业孵化补贴的适用范围
创业孵化补贴申领,start创业孵化补贴申领,创业孵化补贴申领
创业孵化补贴申领,创业孵化补贴的补贴标准,创业孵化补贴的补贴标准
创业孵化补贴申领,start1+13申领方式,[t_地市名称]创业孵化补贴的申领方式
创业孵化补贴申领,创业孵化补贴的申领方式,创业孵化补贴的申领方式
创业带动就业补贴申领,创业带动就业补贴的申领材料,创业带动就业补贴的申领材料
创业带动就业补贴申领,创业带动就业补贴的申领条件,创业带动就业补贴的申领条件
创业带动就业补贴申领,创业带动就业补贴的申领方式,创业带动就业补贴的申领方式
创业带动就业补贴申领,1+13对应地市申领方式,地市名称
创业带动就业补贴申领,start1+13申领方式,[t_地市名称]创业带动就业补贴的申领方式
创业带动就业补贴申领,start创业带动就业补贴申领,创业带动就业补贴申领
劳务派遣单位年度经营情况报告核验,start年度经营情况报告核验,劳务派遣单位年度经营情况报告核验
劳务派遣单位年度经营情况报告核验,申请核验的内容,劳务派遣单位年度经营情况报告核验的内容
劳务派遣单位年度经营情况报告核验,申请核验的材料,劳务派遣单位年度经营情况报告核验提交的材料
劳务派遣单位年度经营情况报告核验,申请核验的结果,劳务派遣单位年度经营情况报告核验的结果
劳务派遣单位年度经营情况报告核验,申请核验的时间,申请劳务派遣单位年度经营情况报告核验的时间
劳务派遣经营许可,start劳务派遣经营许可,劳务派遣经营许可
劳务派遣经营许可,申请的材料,申请劳务派遣经营许可的材料
劳务派遣经营许可,法人变更材料,申请劳务派遣经营许可法人变更的材料
劳务派遣经营许可,start劳务派遣经营许可的注销,劳务派遣经营许可的注销
劳务派遣经营许可,延续的材料,申请劳务派遣经营许可延续的材料
劳务派遣经营许可,劳派许可的变更,劳派许可的变更
劳务派遣经营许可,劳派许可的申请,劳派许可的申请
劳务派遣经营许可,申请的办理期限,劳务派遣经营许可的办理期限
劳务派遣经营许可,start劳务派遣经营许可的申请,劳务派遣经营许可的申请
劳务派遣经营许可,变更的规定,申请劳务派遣经营许可变更的规定
劳务派遣经营许可,start劳务派遣经营许可的变更,劳务派遣经营许可的变更
劳务派遣经营许可,劳派许可的注销,劳派许可的注销
劳务派遣经营许可,start劳务派遣经营许可变更的材料,劳务派遣经营许可变更的材料
劳务派遣经营许可,申请的条件,申请劳务派遣经营许可的条件
劳务派遣经营许可,注销的材料,申请劳务派遣经营许可注销的材料
劳务派遣经营许可,变更的材料,变更的材料
劳务派遣经营许可,延续的规定,申请劳务派遣经营许可延续的规定
劳务派遣经营许可,注销的规定,申请劳务派遣经营许可注销的规定
劳务派遣经营许可,start劳务派遣经营许可的延续,劳务派遣经营许可的延续
劳务派遣经营许可,劳派许可的延续,劳派许可的延续
劳务派遣经营许可,地址变更材料,申请劳务派遣单位地址变更的材料
劳务派遣经营许可,单位名称变更或注册资本变更材料,申请劳务派遣单位名称变更或注册资本变更的材料
劳动人事争议,start劳动人事争议,劳动人事争议
劳动人事争议,劳动人事争议仲裁的管辖规定,管辖规定（劳动人事争议）
劳动人事争议,人事争议的定义,人事争议的定义
劳动人事争议,申请劳动人事争议的办理方式,申请的办理方式（劳动人事争议）
劳动人事争议,劳动人事争议的举证规则,举证规则（劳动人事争议）
劳动人事争议,劳动人事争议的受理范围,受理范围（劳动人事争议）
劳动人事争议,劳动人事争议的定义,定义(劳动人事争议)
劳动人事争议,劳动争议的定义,劳动争议的定义
劳动人事争议,start劳动人事争议定义,劳动人事争议的定义
劳动人事争议仲裁申请,start劳动人事争议仲裁申请,劳动人事争议仲裁申请
劳动人事争议仲裁申请,申请时效,申请时效(劳动人事争议仲裁)
劳动人事争议仲裁申请,仲裁申请时效中断情形的规定,劳动人事争议仲裁申请时效中断情形的规定
劳动人事争议仲裁申请,劳动人事争议仲裁申请时效的规定,劳动人事争议仲裁申请时效的规定
劳动人事争议仲裁申请,仲裁申请时效中止情形的规定,劳动人事争议仲裁申请时效中止情形的规定
劳动人事争议仲裁申请,仲裁申请书的填写,仲裁申请书的填写
劳动人事争议仲裁申请,不符合受理条件的处理方式,仲裁申请不符合受理条件的处理方式
劳动人事争议仲裁申请,仲裁申请书应载明的事项,仲裁申请书应载明的事项
劳动人事争议仲裁申请,仲裁申请书材料不全的处理方式,仲裁申请书材料不全的处理方式
劳动人事争议仲裁申请,口头申请仲裁的规定,口头申请仲裁的规定
劳动人事争议仲裁申请,劳动人事争议仲裁的立案时限,劳动人事争议仲裁的立案时限
劳动人事争议仲裁申请,申请逾期未作出决定的处理方式,仲裁申请逾期未作出决定的处理方式
劳动人事争议仲裁申请,申请劳动人事争议仲裁的收费规定,申请劳动人事争议仲裁的收费规定
劳动人事争议仲裁申请,start仲裁申请时效,劳动人事争议仲裁的申请时效
劳动人事争议仲裁申请,start仲裁申请书填写,劳动人事争议仲裁申请书的填写
劳动人事争议审理,start劳动人事争议审理,劳动人事争议审理
劳动人事争议审理,当事人无法参加仲裁活动,当事人无法参加仲裁活动的办理方式
劳动人事争议审理,劳动人事争议案件的审理期限,劳动人事争议案件的审理期限
劳动人事争议审理,无故不参加庭审或中途无故退庭,申请人或被申请人无故不参加仲裁庭审活动或中途无故退庭的处理方式
劳动人事争议审理,当事人不履行调解书或裁决书,当事人不履行已生效的调解书或裁决书的处理方式
劳动人事争议调解申请,start劳动人事争议调解申请,劳动人事争议调解申请
劳动人事争议调解申请,劳动人事争议调解组织的范围,组织范围（劳动人事争议调解）
劳动人事争议调解申请,申请劳动人事争议调解的办理方式,申请的办理方式（劳动人事争议）
劳动人事争议调解申请,劳动人事争议快速调解的渠道,快速调解的渠道
劳动人事争议调解申请,当事人不履行争议调解的办理方式,当事人不履行劳动人事争议调解的办理方式
劳动能力鉴定,start劳动能力鉴定,劳动能力鉴定
劳动能力鉴定,劳动能力鉴定的申请材料,劳动能力鉴定的申请材料
劳动能力鉴定,劳动能力鉴定的申请时间,劳动能力鉴定的申请时间
劳动能力鉴定,劳动能力鉴定的内容,劳动能力鉴定的内容
劳动能力鉴定,劳动能力鉴定的申请方法,劳动能力鉴定的申请方法
劳模、先进工作者工资核定,办理对象,事业单位工作人员劳模、先进工作者工资核定办理对象
劳模、先进工作者工资核定,办理流程,事业单位工作人员劳模、先进工作者工资核定办理流程
劳模、先进工作者工资核定,办理材料,事业单位工作人员劳模、先进工作者工资核定办理材料
劳模、先进工作者工资核定,办理条件,事业单位工作人员劳模、先进工作者工资核定办理条件
劳模、先进工作者工资核定,start劳模、先进工作者工资核定,事业单位工作人员劳模、先进工作者工资核定
单位吸纳就业困难人员社保补贴申领,start1+13申领方式,[t_地市名称]单位吸纳就业困难人员社保补贴的申领方式
单位吸纳就业困难人员社保补贴申领,申领方式,单位吸纳就业困难人员社保补贴的申领方式
单位吸纳就业困难人员社保补贴申领,申领条件,单位吸纳就业困难人员社保补贴的申领条件
单位吸纳就业困难人员社保补贴申领,补贴标准,单位吸纳就业困难人员社保补贴的补贴标准
单位吸纳就业困难人员社保补贴申领,申领材料,单位吸纳就业困难人员社保补贴的申领材料
单位吸纳就业困难人员社保补贴申领,1+13对应地市申领方式,地市名称
单位吸纳就业困难人员社保补贴申领,补贴期限,单位吸纳就业困难人员社保补贴的补贴期限
单位吸纳就业困难人员社保补贴申领,start吸纳就业困难人员社保补贴申领,单位吸纳就业困难人员社保补贴申领
单位网络招聘,办理材料,单位网络招聘的办理材料
单位网络招聘,办理流程,单位网络招聘的办理流程
单位网络招聘,办理条件,单位网络招聘的办理条件
单位网络招聘,办理对象,单位网络招聘的办理对象
单位网络招聘,start单位网络招聘,单位网络招聘
博士后基金申报,start博士后基金申报,博士后基金申报
博士后基金申报,省资助招收博士后研究人员申报,省资助招收博士后研究人员申报
博士后基金申报,省博士后科研资助计划申报,省博士后科研资助计划申报
博士后基金申报,申请条件1,省博士后科研资助计划申请条件
博士后基金申报,申请对象1,省博士后科研资助计划申请对象
博士后基金申报,申请条件2,省资助招收博士后研究人员申请条件
博士后基金申报,申请对象2,省资助招收博士后研究人员申请对象
博士后基金申报,start计划申报入口,省博士后基金科研资助计划申报
博士后基金申报,start研究人员申报入口,省资助招收博士后基金研究人员申报
博士后科研工作站申报,start博士后科研工作站申报,博士后科研工作站申报
博士后科研工作站申报,博士后科研工作站申报条件,博士后科研工作站申报条件
博士后科研工作站申报,博士后科研工作站的申报程序,博士后科研工作站的申报程序
博士后科研流动站申报,start科研流动站申报,博士后科研流动站申报
博士后科研流动站申报,基本条件,博士后科研流动站的基本条件
博士后科研流动站申报,专业范围,博士后科研流动站的专业范围
博士后科研流动站申报,申报程序,博士后科研流动站的申报程序
博士后管理,start博士后管理,博士后管理
博士后管理,备案,省创新实践基地招收备案
博士后管理,博士后进站,博士后进站
博士后管理,博士后出站,博士后出站
博士后管理,进站的办理流程,博士后进站的办理流程
博士后管理,进站的基本条件<br/>,博士后进站的基本条件
博士后管理,进站的申请材料,博士后进站的申请材料
博士后管理,出站的办理流程,博士后出站的办理流程
博士后管理,出站的申请材料,博士后出站的申请材料
博士后管理,出站的基本条件,博士后出站的基本条件
博士后管理,备案时间,博士后创新基地招收备案时间
博士后管理,备案的申请材料,博士后创新基地招收备案的申请材料
博士后管理,start博士后出站入口,博士后出站管理事项
博士后管理,start备案入口,博士后省创新实践基地招收备案
博士后管理,start博士后进站入口,博士后进站管理事项
受处分人员工资核定,办理条件,事业单位工作人员受处分人员工资核定办理条件
受处分人员工资核定,办理对象,事业单位工作人员受处分人员工资核定办理对象
受处分人员工资核定,办理材料,事业单位工作人员受处分人员工资核定办理材料
受处分人员工资核定,start受处分人员工资核定,事业单位工作人员受处分人员工资核定
受处分人员工资核定,办理流程,事业单位工作人员受处分人员工资核定办理流程
同序列岗位变动工资核定,办理流程,事业单位工作人员同序列岗位变动工资核定办理流程
同序列岗位变动工资核定,办理材料,事业单位工作人员同序列岗位变动工资核定办理材料
同序列岗位变动工资核定,办理条件,事业单位工作人员同序列岗位变动工资核定办理条件
同序列岗位变动工资核定,start同序列岗位变动工资核定,事业单位工作人员同序列岗位变动工资核定
同序列岗位变动工资核定,办理对象,事业单位工作人员同序列岗位变动工资核定办理对象
国家专业技术人员职业资格考试资格复审申报,在校生能否报考,在校生能否报考国家专业技术人员职业资格考试
国家专业技术人员职业资格考试资格复审申报,咨询电话,国家专业技术人员职业资格考试资格复审咨询电话
国家专业技术人员职业资格考试资格复审申报,上传学历证书（材料）的要求,专业技术人员职业资格考试报名上传学历证书（材料）的要求
国家专业技术人员职业资格考试资格复审申报,复审办理方式,国家专业技术人员职业资格考试资格复审办理方式
国家专业技术人员职业资格考试资格复审申报,1+13答案,地市名称
国家专业技术人员职业资格考试资格复审申报,start1+13问题,[t_地市名称]国家专业技术人员职业资格考试资格复审咨询电话
国家专业技术人员职业资格考试资格复审申报,start专业技术人员职业考试资格复审,国家专业技术人员职业资格考试资格复审申报
国家级技能大师工作室建设项目申报,申报条件,国家级技能大师工作室建设项目申报条件
国家级技能大师工作室建设项目申报,申报材料,国家级技能大师工作室建设项目的申报材料
国家级技能大师工作室建设项目申报,start技能大师工作室建设项目申报,国家级技能大师工作室建设项目申报
国家级技能大师工作室建设项目申报,申报流程,国家级技能大师工作室建设项目申报流程
国家级高技能人才培训基地建设项目申报,建设要求,国家级高技能人才培训基地建设项目的建设要求
国家级高技能人才培训基地建设项目申报,主要功能,国家级高技能人才培训基地的主要功能
国家级高技能人才培训基地建设项目申报,建设期限,国家级高技能人才培训基地建设项目的建设期限
国家级高技能人才培训基地建设项目申报,申办材料,国家级高技能人才培训基地建设项目的申办材料
国家级高技能人才培训基地建设项目申报,国家级高技能人才培训基地,国家级高技能人才培训基地建设项目申报
国家级高技能人才培训基地建设项目申报,申办流程,国家级高技能人才培训基地建设项目申办流程
国家级高技能人才培训基地建设项目申报,申办条件,国家级高技能人才培训基地建设的申办条件
城乡居民基本养老保险关系跨制度转移接续,start转入办理入口,城乡居民基本养老保险关系跨制度转移接续转入办理
城乡居民基本养老保险关系跨制度转移接续,职工转入居民是否计算缴费年限,企业职工养老保险转入城乡居民基本养老保险是否计算缴费年限
城乡居民基本养老保险关系跨制度转移接续,转出办理,跨制度转出办理
城乡居民基本养老保险关系跨制度转移接续,转入办理,跨制度转入办理
城乡居民基本养老保险关系跨制度转移接续,城乡居民养老转入职工养老渠道,城乡居民基本养老保险转入企业职工养老保险的渠道
城乡居民基本养老保险关系跨制度转移接续,居民养老转入职工养老的条件,城乡居民基本养老保险转入企业职工养老保险的条件
城乡居民基本养老保险关系跨制度转移接续,start转出办理入口,城乡居民基本养老保险关系跨制度转移接续转出办理
城乡居民基本养老保险关系跨制度转移接续,start居民养老保险关系跨制度转移接续,城乡居民基本养老保险关系跨制度转移接续
城乡居民基本养老保险关系跨制度转移接续,职工养老转入居民养老的条件,企业职工养老保险转入城乡居民基本养老保险的条件
城乡居民基本养老保险关系跨制度转移接续,是否费计算缴年限,城乡居民基本养老保险转入企业职工养老保险是否计算缴费年限
城乡居民基本养老保险关系跨制度转移接续,职工养老转入居民养老的渠道,企业职工养老保险关系转入城乡居民基本养老保险的渠道
城乡居民基本养老保险关系转入办理,转入渠道,城乡居民基本养老保险办理转入渠道
城乡居民基本养老保险关系转入办理,未领取待遇人员,未领取的转入
城乡居民基本养老保险关系转入办理,start城乡居民养老保险关系转入办理,城乡居民基本养老保险关系转入办理
城乡居民基本养老保险关系转入办理,转入材料,城乡居民基本养老保险办理转入材料
城乡居民基本养老保险关系转入办理,已领取待遇人员,已领取待遇人员的转入
城乡居民基本养老保险关系转入办理,转入条件,城乡居民基本养老保险办理转入条件
城乡居民基本养老保险关系转入办理,start未领取待遇人员入口,未领取待遇人员关系的转入
城乡居民基本养老保险参保登记,城乡居民基本养老保险的申请材料,城乡居民基本养老保险的申请材料
城乡居民基本养老保险参保登记,城乡居民基本养老保险的申请渠道,城乡居民基本养老保险的申请渠道
城乡居民基本养老保险参保登记,城乡居民基本养老保险的申请流程,城乡居民基本养老保险的申请流程
城乡居民基本养老保险参保登记,start城乡居民基本养老保险参保登记,城乡居民基本养老保险参保登记
城乡居民基本养老保险参保登记,城乡居民基本养老保险的参保条件,城乡居民基本养老保险的参保条件
城乡居民基本养老保险困难群体参保登记或变更,参保登记（变更）流程,城乡居民基本养老保险困难群体参保登记或变更流程
城乡居民基本养老保险困难群体参保登记或变更,start居民养老困难群体参保登记或变更,城乡居民基本养老保险困难群体参保登记或变更
城乡居民基本养老保险困难群体参保登记或变更,包含对象,城乡居民基本养老保险困难群体包含对象
城乡居民基本养老保险困难群体参保登记或变更,缴费规定,城乡居民基本养老保险困难群体缴费规定
城乡居民基本养老保险待遇申领,申领标准,城乡居民基本养老保险待遇的申领标准
城乡居民基本养老保险待遇申领,申领渠道,城乡居民基本养老保险待遇的申领渠道
城乡居民基本养老保险待遇申领,申领条件,城乡居民基本养老保险待遇的申领条件
城乡居民基本养老保险待遇申领,申领材料,城乡居民基本养老保险待遇申领材料
城乡居民基本养老保险待遇申领,start城乡居民基本养老保险待遇申领,城乡居民基本养老保险待遇申领
城乡居民基本养老保险注销登记,start城乡居民基本养老保险注销登记,城乡居民基本养老保险注销登记
城乡居民基本养老保险注销登记,申请流程,城乡居民基本养老保险注销登记的申请流程
城乡居民基本养老保险注销登记,申请条件,城乡居民基本养老保险注销登记的申请条件
城乡居民基本养老保险注销登记,申请材料,城乡居民基本养老保险注销登记的申请材料
城乡居民基本养老保险注销登记,申请渠道,城乡居民基本养老保险注销登记的申请渠道
城乡居民基本养老保险费补缴,缴费对象,符合补缴城乡居民基本养老保险费的缴费对象
城乡居民基本养老保险费补缴,start城乡居民基本养老保险费补缴,城乡居民基本养老保险费补缴
城乡居民基本养老保险费补缴,缴费标准,城乡居民基本养老保险补缴保险费的缴费标准
城乡居民基本养老保险费补缴,start未领取待遇人员入口,未领取待遇人员
城乡居民基本养老保险费补缴,未领取待遇人员,未领取待遇
城乡居民基本养老保险费补缴,缴费渠道,城乡居民基本养老保险补缴保险费的缴费渠道
城乡居民基本养老保险费补缴,已领取待遇人员,已领取待遇人员
培训机构项目制培训补贴,start培训机构项目制培训补贴,培训机构项目制培训补贴
培训机构项目制培训补贴,申请材料,培训机构项目制培训补贴的申请材料
培训机构项目制培训补贴,申请方式,培训机构项目制培训补贴的申请方式
基础性绩效变动核定,start基础性绩效变动核定,事业单位工作人员基础性绩效变动工资核定
基础性绩效变动核定,办理对象,事业单位工作人员基础性绩效变动工资核定办理对象
基础性绩效变动核定,办理条件,事业单位工作人员基础性绩效变动核定办理条件
基础性绩效变动核定,办理流程,事业单位工作人员基础性绩效变动核定办理流程
境外就业对外劳务合作人员技能人员职业资格证书换发,start境外和对外劳务技能人员证书换发,境外就业和对外劳务合作人员技能人员职业资格证书换发
境外就业对外劳务合作人员技能人员职业资格证书换发,职业资格证书换发所需材料,境外就业和对外劳务合作人员技能人员职业资格证书换发所需材料
境外就业对外劳务合作人员技能人员职业资格证书换发,职业资格证书换发条件,境外就业和对外劳务合作人员技能人员职业资格证书换发条件
境外就业对外劳务合作人员技能人员职业资格证书换发,职业资格证书换发方式,境外就业和对外劳务合作人员技能人员职业资格证书换发方式
境外就业对外劳务合作人员技能人员职业资格证书换发,职业资格证书换发时限,境外就业和对外劳务合作人员技能人员职业资格证书换发时限
境外就业对外劳务合作人员技能人员职业资格证书换发,职业资格证书办理机构,境外就业和对外劳务合作人员技能人员职业资格证书办理机构
失业保险关系转移,转出方式,转出方式
失业保险关系转移,转出方式1,失业前所在单位与本人户籍不在同一统筹地区，需要回户籍地享受待遇时的转出方式
失业保险关系转移,转入方式3,参保人员在参加失业保险期间跨统筹地区就业的，以及尚不符合享受失业保险待遇条件的失业人员跨统筹地区迁移户籍时的转入方式
失业保险关系转移,start失业保险转入方式,失业保险转入方式
失业保险关系转移,转入方式1,失业前所在单位与本人户籍不在同一统筹地区，需要回户籍地享受待遇时的转入方式
失业保险关系转移,转入方式2,失业人员在领取失业保险金期间跨统筹地区迁移户籍时的转入方式
失业保险关系转移,start失业保险转出方式,失业保险转出方式
失业保险关系转移,转入方式,转入方式
失业保险关系转移,start失业保险关系转入,失业保险关系转入
失业保险关系转移,转入,失业保险转入
失业保险关系转移,转出,失业保险转出
失业保险关系转移,start失业保险关系转出,失业保险关系转出
失业保险关系转移,失业保险关系转入的情形,失业保险关系转入的情形
失业保险关系转移,失业保险关系转出的情形,失业保险关系转出的情形
失业保险关系转移,转出方式2,失业人员在领取失业保险金期间跨统筹地区迁移户籍时的转出方式
失业保险关系转移,转出时的待遇支付部门,失业前所在单位与本人户籍不在同一统筹地区时，失业保险关系转出时的待遇支付部门
失业保险关系转移,转入后的待遇支付部门,失业前所在单位与本人户籍不在同一统筹地区时，失业保险关系转入后的待遇支付部门
失业保险关系转移,转出方式3,参保人员在参加失业保险期间跨统筹地区就业的，以及尚不符合享受失业保险待遇条件的失业人员跨统筹地区迁移户籍时的转出方式
失业保险关系转移,start失业保险关系转移,失业保险关系转移
失业保险参保职工技能提升补贴申领,适用范围,失业保险参保职工技能提升补贴的适用范围
失业保险参保职工技能提升补贴申领,申领条件,失业保险参保职工技能提升补贴的申领条件
失业保险参保职工技能提升补贴申领,补贴标准,失业保险参保职工技能提升补贴的补贴标准
失业保险参保职工技能提升补贴申领,start失业保险技能提升补贴申领,失业保险参保职工技能提升补贴申领
失业保险待遇给付,start失业保险丧葬补助金和抚恤金申领,失业保险丧葬补助金和抚恤金申领
失业保险待遇给付,失业保险抚恤金申领,失业抚恤金申领
失业保险待遇给付,1+13对应地市抚恤金申领方式,地市名称
失业保险待遇给付,失业保险金的申领条件,失业保险金的申领条件
失业保险待遇给付,失业保险金的申领方式,失业保险金的申领方式
失业保险待遇给付,start失业保险金申领,失业保险金申领
失业保险待遇给付,start失业保险待遇给付,失业保险待遇给付
失业保险待遇给付,失业金申领,失业金申领
失业保险待遇给付,丧葬补助金和抚恤金的申领方式,失业保险丧葬补助金和抚恤金的申领方式
失业保险待遇给付,失业保险金停发的情形,失业保险金停发的情形
失业保险待遇给付,丧葬补助金和抚恤金的关系,失业保险丧葬补助金和抚恤金与基本养老保险丧葬补助金、工伤保险丧葬补助金的关系
失业保险待遇给付,失业保险金的发放标准,失业保险金的发放标准
失业保险待遇给付,失业保险金的领取期限,失业保险金的领取期限
失业保险待遇给付,start1+13失业金申领方式,[t_地市名称]失业保险金的申领方式
失业保险待遇给付,丧葬补助金和抚恤金的申领条件,失业保险丧葬补助金和抚恤金的申领条件
失业保险待遇给付,1+13对应地市失业金申领方式,地市名称
失业保险待遇给付,start1+13抚恤金申领方式,[t_地市名称]失业保险丧葬补助金和抚恤金的申领方式
失业保险稳岗返还申领,失业保险稳岗返还的申领流程,失业保险稳岗返还的申领流程
失业保险稳岗返还申领,失业保险稳岗返还的补贴标准,失业保险稳岗返还的补贴标准
失业保险稳岗返还申领,失业保险稳岗返还的申领条件,失业保险稳岗返还的申领条件
失业保险稳岗返还申领,start失业保险稳岗返还申领,失业保险稳岗返还申领
失业保险稳岗返还申领,失业保险稳岗返还资金的用途,失业保险稳岗返还资金的用途
失业登记办理,失业登记的办理材料,失业登记的办理材料
失业登记办理,失业登记的办理方式,失业登记的办理方式
失业登记办理,失业登记注销的情形,失业登记注销的情形
失业登记办理,失业登记的办理条件,失业登记的办理条件
失业登记办理,失业登记的适用范围,失业登记的适用范围
失业登记办理,start失业登记办理,失业登记办理
安全技能培训,start安全技能培训,安全技能培训
安全技能培训,办理条件,安全技能培训的办理条件
安全技能培训,办理材料,安全技能培训的办理材料
安全技能培训,办理地点,安全技能培训的办理地点
小微企业吸纳高校毕业生社保补贴申领,申领材料,小微企业吸纳高校毕业生社保补贴的申领材料
小微企业吸纳高校毕业生社保补贴申领,1+13对应地市申领方式,地市名称
小微企业吸纳高校毕业生社保补贴申领,补贴标准,小微企业吸纳高校毕业生社保补贴的补贴标准
小微企业吸纳高校毕业生社保补贴申领,申领条件,小微企业吸纳高校毕业生社保补贴的申领条件
小微企业吸纳高校毕业生社保补贴申领,start1+13申领方式,[t_地市名称]小微企业吸纳高校毕业生社保补贴的申领方式
小微企业吸纳高校毕业生社保补贴申领,申领方式,小微企业吸纳高校毕业生社保补贴的申领方式
小微企业吸纳高校毕业生社保补贴申领,start吸纳高校毕业生社保补贴申领,小微企业吸纳高校毕业生社保补贴申领
小微企业吸纳高校毕业生社保补贴申领,补贴期限,小微企业吸纳高校毕业生社保补贴的补贴期限
就业促进处（富民创业担保贷款）,start个人富民创业,个人富民贷
就业促进处（富民创业担保贷款）,start小微企业富民创业,小微企业富民贷
就业促进处（富民创业担保贷款）,个人富民创业担保贷款申请地址,个人富民创业担保贷款申请地址
就业促进处（富民创业担保贷款）,个人富民创业担保贷款重点对象,个人富民创业担保贷款重点支持的服务对象
就业促进处（富民创业担保贷款）,小微企业富民创业担保贷款的材料,小微企业申请富民创业担保贷款的申请材料
就业促进处（富民创业担保贷款）,个人富民创业担保贷款的申请材料,个人富民创业担保贷款的申请材料
就业促进处（富民创业担保贷款）,小微企业富民创业担保贷款地址,小微企业申请富民创业担保贷款申请地址
就业促进处（富民创业担保贷款）,小微企业富民创业担保贷款,小微企业富民创业担保贷款
就业促进处（富民创业担保贷款）,个人富民创业担保贷款,个人富民创业担保贷款
就业促进处（富民创业担保贷款）,个人富民创业担保贷款适用范围,个人富民创业担保贷款的适用范围
就业促进处（富民创业担保贷款）,start创业贷款,创业贷款
就业促进处（富民创业担保贷款）,个人富民创业担保贷款额度,个人富民创业担保贷款额度
就业促进处（富民创业担保贷款）,个人富民创业担保贷款的申请要求,个人富民创业担保贷款的申请要求
就业促进处（富民创业担保贷款）,小微企业富民创业担保贷款条件,小微企业富民创业担保贷款申请条件
就业困难人员认定,就业困难人员认定的申请材料,就业困难人员认定的申请材料
就业困难人员认定,就业困难人员认定的申请方式,就业困难人员认定的申请方式
就业困难人员认定,1+13对应地市申请方式,地市名称
就业困难人员认定,start就业困难人员认定,就业困难人员认定
就业困难人员认定,就业困难人员注销的情形,就业困难人员注销的情形
就业困难人员认定,就业困难人员认定的适用范围,就业困难人员认定的适用范围
就业困难人员认定,start1+13申请方式," [t_地市名称]就业困难人员认定的申请方式"
就业技能培训,就业技能培训的适用范围,就业技能培训的适用范围
就业技能培训,就业技能培训报名的申请方式,就业技能培训报名的申请方式
就业技能培训,start就业技能培训的办理,就业技能培训的办理
就业技能培训,个人就业技能培训补贴的申请方式,个人就业技能培训补贴的申请方式
就业技能培训,就业技能培训报名的申请材料,就业技能培训报名的申请材料
就业技能培训,就业技能培训开班备案的申请方式,就业技能培训开班备案的申请方式
就业技能培训,就业技能培训办理,就业技能培训办理
就业技能培训,就业技能培训办理的补贴标准,就业技能培训办理的补贴标准
就业技能培训,就业技能培训开班备案的申请流程,就业技能培训开班备案的申请流程
就业技能培训,start就业技能培训的报名,就业技能培训的报名
就业技能培训,就业技能培训报名,就业技能培训报名
就业技能培训,就业技能培训补贴的申请流程,培训机构就业技能培训补贴的申请流程
就业技能培训,生活费补助的申请条件,个人就业技能培训生活费补助的申请条件
就业技能培训,就业技能培训报名的申请流程,就业技能培训报名的申请流程
就业技能培训,start就业技能培训,就业技能培训
就业技能培训,就业技能培训开班备案,就业技能培训开班备案
就业技能培训,就业技能培训开班备案的申请材料,就业技能培训开班备案的申请材料
就业技能培训,start就业技能培训的开班备案,就业技能培训的开班备案
就业服务社会组织就业创业服务补助申领,start1+13申领方式,[t_地市名称]就业服务社会组织就业创业服务补助的申领方式
就业服务社会组织就业创业服务补助申领,申领方式,就业服务社会组织就业创业服务补助的申领方式
就业服务社会组织就业创业服务补助申领,1+13对应地市申领方式,地市名称
就业服务社会组织就业创业服务补助申领,申领条件,就业服务社会组织就业创业服务补助的申领条件
就业服务社会组织就业创业服务补助申领,start就业创业服务补助申领,就业服务社会组织就业创业服务补助申领
就业见习基地申报,就业见习基地申报流程,就业见习基地申报流程
就业见习基地申报,就业见习基地申报条件,就业见习基地申报条件
就业见习基地申报,start就业见习基地申报,就业见习基地申报
就业见习基地申报,就业见习基地申报材料,就业见习基地申报材料
就业见习基地申报,就业见习基地申报对象,就业见习基地申报对象
就业见习岗位发布,就业见习岗位发布的办理条件,就业见习岗位发布的办理条件
就业见习岗位发布,就业见习岗位发布的办理材料,就业见习岗位发布的办理材料
就业见习岗位发布,start就业见习岗位发布,就业见习岗位发布
就业见习岗位发布,就业见习岗位发布的办理对象,就业见习岗位发布的办理对象
就业见习岗位发布,就业见习岗位发布的办理流程,就业见习岗位发布的办理流程
就业见习补贴申领,就业见习补贴的申领流程,就业见习补贴的申领流程
就业见习补贴申领,start就业见习补贴申领,就业见习补贴申领
就业见习补贴申领,就业见习补贴的申领对象,就业见习补贴的申领对象
就业见习补贴申领,就业见习补贴的发放标准,就业见习补贴的发放标准
就业见习补贴申领,就业见习补贴的申领材料,就业见习补贴的申领材料
岗位技能提升培训,start岗位技能提升培训,岗位技能提升培训 
岗位技能提升培训,办理地点,岗位技能提升培训办理地点
岗位技能提升培训,办理材料,岗位技能提升培训办理材料
岗位技能提升培训,办理条件,岗位技能提升培训办理条件
工伤停工留薪期延长确认,start工伤停工留薪期延长确认,工伤停工留薪期延长确认
工伤停工留薪期延长确认,申请条件,延长停工留薪期的申请条件
工伤停工留薪期延长确认,申请材料,延长停工留薪期的申请材料
工伤停工留薪期延长确认,工资待遇,停工留薪期间的工资待遇
工伤劳动能力复查鉴定,start工伤劳动能力复查鉴定,工伤劳动能力复查鉴定
工伤劳动能力复查鉴定,工伤劳动能力复查鉴定的情形,工伤劳动能力复查鉴定的情形
工伤劳动能力复查鉴定,申请部门,工伤劳动能力复查鉴定的申请部门
工伤劳动能力复查鉴定,申请材料,工伤劳动能力复查鉴定的申请材料
工伤劳动能力复查鉴定,申请条件,复查鉴定申请条件
工伤劳动能力复查鉴定,允许受理条件,允许受理条件
工伤劳动能力复查鉴定,不予受理条件,不予受理条件
工伤劳动能力复查鉴定,start申请条件入口,工伤劳动能力复查鉴定的申请条件
工伤康复,start工伤康复,工伤康复
工伤康复,工伤康复期的待遇,工伤康复期的待遇
工伤康复,工伤康复的办理流程,工伤康复的办理流程
工伤康复,工伤康复费用的支付,康复费用支付
工伤康复,应当接受工伤康复的情形,接受工伤康复服务的情形
工伤康复,基金支付的条件,基金支付的条件
工伤康复,基金不予支付的情形,基金不予支付的情形
工伤康复,start工伤康复费用的支付入口,工伤康复费用的支付
工伤认定,工伤认定的申请渠道,工伤认定的申请渠道
工伤认定,start工伤认定,工伤认定
工伤认定,工伤认定的申请流程,工伤认定的申请流程
工伤认定,工伤认定的申请部门,工伤认定的申请部门
工伤认定,认定工伤的情形,认定工伤的情形
工伤认定,视同工伤的情形,视同工伤的情形
工伤认定,start工伤认定的情形入口,工伤认定的情形
工伤认定,start工伤认定的办理入口,工伤认定的办理
工伤认定,start工伤认定的申请材料入口,工伤认定的申请材料
工伤认定,死亡,职工死亡的材料
工伤认定,暴力伤害,因履行工作职责受到暴力伤害的材料
工伤认定,交通,上下班途中，受到非本人主要责任的交通事故或者城市轨道交通、客运轮渡、火车事故伤害的材料
工伤认定,外出伤害,因工外出期间，由于工作原因受到伤害的材料
工伤认定,下落不明,因工外出期间，发生事故下落不明的，申请因工死亡的材料
工伤认定,突发疾病,在工作时间和工作岗位，突发疾病死亡或者在48小时之内经抢救无效死亡的材料
工伤认定,抢灾救险,在抢险救灾等维护国家利益、公众利益活动中受到伤害的材料
工伤认定,因公负伤,属于因战、因公负伤致残的转业、复员军人，旧伤复发的材料
工伤认定,委托律师,申请人委托律师事务所办理工伤认定的材料
工伤认定,工伤认定的情形,认定的情形
工伤认定,工伤认定的办理,认定的办理
工伤认定,工伤认定的申请材料,认定的申请材料
工伤预防项目申请,start工伤预防项目申请,工伤预防项目申请
工伤预防项目申请,工伤预防项目的内容,工伤预防项目的内容
工伤预防项目申请,申报条件,工伤预防项目的申报条件
工伤预防项目申请,受理部门,工伤预防项目的受理部门
工伤预防项目申请,申请材料,工伤预防项目的申请材料
年度考核合格以上人员薪级晋升核定,start年度考核合格以上薪级晋升核定,事业单位工作人员年度考核合格以上人员薪级晋升核定
年度考核合格以上人员薪级晋升核定,办理流程,事业单位工作人员年度考核合格以上人员薪级晋升核定办理流程
年度考核合格以上人员薪级晋升核定,办理条件,事业单位工作人员年度考核合格以上人员薪级晋升核定办理条件
年度考核合格以上人员薪级晋升核定,办理对象,事业单位工作人员年度考核合格以上人员薪级晋升核定办理对象
年度考核合格以上人员薪级晋升核定,办理材料,事业单位工作人员年度考核合格以上人员薪级晋升核定办理材料
年金基金管理合同备案,办理主体,年金基金管理合同备案申请的办理主体
年金基金管理合同备案,办理方式,年金基金管理合同备案的办理方式
年金基金管理合同备案,审批结果,年金基金管理合同备案的审批结果
年金基金管理合同备案,start年金基金管理合同备案,年金基金管理合同备案
年金基金管理合同备案,办理材料,年金基金管理合同备案的办理材料
技工院校毕业证书验印审核,start技工院校毕业证书验印审核,技工院校毕业证书验印审核
技工院校毕业证书验印审核,start技工院校毕业证书审核地点,技工院校毕业证书审核地点
技工院校毕业证书验印审核,审核材料,技工院校毕业证书验印审核材料
技工院校毕业证书验印审核,验印流程,技工院校毕业证书验印流程
技工院校毕业证书验印审核,高级班,高级班
技工院校毕业证书验印审核,技师班,技师班
技工院校毕业证书验印审核,办理地点,技工院校毕业证书验印的办理地点
技工院校毕业证书验印审核,中级班,中级班
技工院校重点项目申报,技工院校重点项目的申报材料,技工院校重点项目的申报材料
技工院校重点项目申报,start技工院校重点项目申报,技工院校重点项目申报
技工院校重点项目申报,技工院校重点项目的申报流程,技工院校重点项目的申报流程
技工院校重点项目申报,技工院校重点项目申报条件,技工院校重点项目申报条件
技能人员职业资格证书、专项职业能力证书遗失补办,专项职业能力证书的补办,补办专项职业能力证书
技能人员职业资格证书、专项职业能力证书遗失补办,start技能和专项能力证书遗失补办,技能人员职业资格证书、专项职业能力证书遗失补办
技能人员职业资格证书、专项职业能力证书遗失补办,技能人员职业资格证书的补办,技能人员资格证书补办
技能人员职业资格证书、专项职业能力证书遗失补办,start技能人员职业资格证书补办入口,技能人员职业资格证书的补办
技能人员职业资格证书、专项职业能力证书遗失补办,补办技能人员职业资格证书的时限,补办技能人员职业资格证书办理时限
技能人员职业资格证书、专项职业能力证书遗失补办,技能人员职业资格证书的补办方式,技能人员职业资格证书的补办方式
技能人员职业资格证书、专项职业能力证书遗失补办,start专项职业能力证书的补办入口,专项职业能力证书的补办
技能人员职业资格证书、专项职业能力证书遗失补办,技能人员职业资格证书补办情形,技能人员职业资格证书补办情形
技能人员职业资格证书、专项职业能力证书遗失补办,专项职业能力证书补办方式,专项职业能力证书的补办方式
技能人员职业资格证书、专项职业能力证书遗失补办,补办技能人员职业资格证书的材料,补办技能人员职业资格证书的所需材料
技能人员职业资格证书、专项职业能力证书遗失补办,补办专项职业能力证书所需材料,补办专项职业能力证书的所需材料
技能人员职业资格证书、专项职业能力证书遗失补办,补办专项职业能力证书办理时限,补办专项职业能力证书办理时限
投诉事业单位公开招聘违规违纪现象的途径,1+13各地市投诉违纪的途径,地市名称
投诉事业单位公开招聘违规违纪现象的途径,start投诉事业单位公开招聘违规的途径,[t_地市名称]投诉事业单位公开招聘违规违纪现象的途径
招聘会展位预订,办理条件,招聘会展位预订办理条件
招聘会展位预订,办理流程,招聘会展位预订办理流程
招聘会展位预订,办理材料,招聘会展位预订办理材料
招聘会展位预订,办理对象,招聘会展位预订办理对象
招聘会展位预订,start招聘会展位预订,招聘会展位预订
授权人力资源服务组织从事人事代理业务,start授权组织从事人事代理业务,授权人力资源服务（人才中介服务）组织从事人事代理业务
授权人力资源服务组织从事人事代理业务,受理范围,授权人力资源服务（人才中介服务）组织从事人事代理业务受理范围
授权人力资源服务组织从事人事代理业务,所需材料,授权人力资源服务（人才中介服务）组织从事人事代理业务所需材料
授权人力资源服务组织从事人事代理业务,审批部门,授权人力资源服务（人才中介服务）组织从事人事代理业务审批部门
授权人力资源服务组织从事人事代理业务,办结时限,授权人力资源服务（人才中介服务）组织从事人事代理业务办结时限
授权人力资源服务组织从事人事代理业务,收费标准,授权人力资源服务（人才中介服务）组织从事人事代理业务收费标准
授权人力资源服务组织从事人事代理业务,审批结果查询方式,授权人力资源服务（人才中介服务）组织从事人事代理业务审批结果查询方式
支持重点群体创业就业税收政策,start支持重点群体创业就业税收政策,支持重点群体创业就业税收政策
支持重点群体创业就业税收政策,企业吸纳重点群体就业税收政策,企业吸纳重点群体申请就业享受税收政策
支持重点群体创业就业税收政策,重点群体个体经营享受税收政策,重点群体个体经营享受税收政策申请
支持重点群体创业就业税收政策,企业就业税收政策办理条件,企业吸纳重点群体就业税收政策的办理条件
支持重点群体创业就业税收政策,企业就业税收政策办理材料,企业吸纳重点群体就业税收政策的办理材料
支持重点群体创业就业税收政策,企业就业税收政策办理地址,申请企业吸纳重点群体就业税收政策办理地址
支持重点群体创业就业税收政策,企业就业税收政策补贴标准,申请企业吸纳重点群体就业税收政策的补贴标准
支持重点群体创业就业税收政策,个体经营税收优惠政策办理条件,重点群体个体经营申请税收优惠政策的办理条件
支持重点群体创业就业税收政策,个体经营税收政策办理地址,申请重点群体个体经营税收政策办理地址
支持重点群体创业就业税收政策,个体经营税收政策的优惠标准,申请重点群体个体经营税收政策的优惠标准
支持重点群体创业就业税收政策,个体经营税收政策的办理材料,重点群体申请个体经营税收政策的办理材料
支持重点群体创业就业税收政策,start企业吸纳重点群体就业税收,企业吸纳重点群体就业
支持重点群体创业就业税收政策,start重点群体个体经营税收政策,重点群体个体经营税收政策
新型学徒制培训实施要求,start新型学徒制培训实施要求,新型学徒制培训实施要求
新型学徒制培训实施要求,师资安排,新型学徒制培训师资安排实施要求
新型学徒制培训实施要求,培训组班,新型学徒制培训培训班组实施要求
新型学徒制培训实施要求,课程设置,新型学徒制培训课程设置实施要求
新型学徒制培训实施要求,培训学制,新型学徒制培训培训学制实施要求
新型学徒制培训实施要求,方案制定,新型学徒制培训方案制定实施要求
新型学徒制培训实施要求,培训资料,新型学徒制培训培训资料实施要求
新型学徒制培训实施要求,全部要求,全部要求
新型学徒制培训考核评价要求,start新型学徒制培训考核评价要求,新型学徒制培训考核评价要求
新型学徒制培训考核评价要求,评价内容,新型学徒制培训考核评价内容
新型学徒制培训考核评价要求,评价结果认定,新型学徒制培训考核评价结果认定
新型学徒制培训考核评价要求,评价方式,新型学徒制培训考核评价方式
新型学徒制培训考核评价要求,学徒培训合格,学徒培训合格
新型学徒制培训考核评价要求,技工院校毕业证书,技工院校毕业证书
新型学徒制培训考核评价要求,start新型学徒制培训考核评价结果认定,新型学徒制培训考核评价结果
新录用（聘用）人员工资核定,办理材料,事业单位新录用（聘用）人员工资核定办理材料
新录用（聘用）人员工资核定,办理流程,事业单位新录用（聘用）人员工资核定办理流程
新录用（聘用）人员工资核定,办理对象,事业单位新录用（聘用）人员工资核定办理对象
新录用（聘用）人员工资核定,办理条件,事业单位新录用（聘用）人员工资核定办理条件
新录用（聘用）人员工资核定,start新录用（聘用）人员工资核定,事业单位新录用（聘用）人员工资核定
机关事业单位工勤人员技师考评,申报技师的材料,机关事业单位工勤人员申报技师的材料
机关事业单位工勤人员技师考评,未通过事业单位工勤人员申报方式,未通过事业单位工勤人员申报方式
机关事业单位工勤人员技师考评,start工勤人员技师申报入口,机关事业单位工勤人员技师申报
机关事业单位工勤人员技师考评,技师选拔考试结果,机关事业单位工勤人员技师选拔考试结果
机关事业单位工勤人员技师考评,技师选拔考试时间,机关事业单位工勤人员技师选拔考试时间
机关事业单位工勤人员技师考评,机关事业单位工勤人员技师申报,机关事业单位工勤人员技师申报
机关事业单位工勤人员技师考评,start机关事业单位工勤人员技师考评,机关事业单位工勤人员技师考评
机关事业单位工勤人员技师考评,破格申报技师的条件,机关事业单位工勤人员破格申报技师的条件
机关事业单位工勤人员技师考评,申报技师起止时间,机关事业单位工勤人员申报技师起止时间
机关事业单位工勤人员技师考评,转岗人员申报技师的考评方式,转岗人员申报机关事业单位工勤人员技师的考评方式
机关事业单位工勤人员技师考评,申报技师论文的要求,机关事业单位工勤人员申报技师论文的要求
机关事业单位工勤人员技师考评,技师考评结果,机关事业单位工勤人员技师考评结果
机关事业单位工勤人员技师考评,申报技师的条件,机关事业单位工勤人员申报技师的条件
机关事业单位工勤人员技术等级岗位考核,start工勤人员技术等级岗位考核,机关事业单位工勤人员技术等级岗位考核
机关事业单位工勤人员技术等级岗位考核,start机关事业单位在岗工勤人员,机关事业单位工勤人员技术等级岗位考核在岗工勤人员
机关事业单位工勤人员技术等级岗位考核,申报条件,申报条件
机关事业单位工勤人员技术等级岗位考核,考核起止时间,机关事业单位工勤人员申报技术等级岗位考核起止时间
机关事业单位工勤人员技术等级岗位考核,机关事业单位新进工勤人员,新进工勤人员
机关事业单位工勤人员技术等级岗位考核,机关事业单位在岗工勤人员,在岗工勤人员
机关事业单位工勤人员技术等级岗位考核,申报的材料,机关事业单位工勤人员技术等级岗位考核申报的材料
机关事业单位工勤人员技术等级岗位考核,转岗工勤人员,转岗人员申报机关事业单位工勤人员技术等级的要求
机关事业单位工勤人员技术等级岗位考核,破格申报的条件,破格申报条件
机关事业单位工勤人员技能竞赛获奖选手等级晋升,工勤人员不受岗位限制聘用奖项,机关事业单位工勤人员获得可不受岗位设置限制聘用的技能竞赛奖项
机关事业单位工勤人员技能竞赛获奖选手等级晋升,start机关事业单位工勤人员等级晋升,机关事业单位工勤人员技能竞赛获奖选手等级晋升
机关事业单位工勤人员技能竞赛获奖选手等级晋升,工勤人员技能竞赛晋升的材料,机关事业单位工勤人员技能竞赛获奖办理技术等级晋升的材料
机关事业单位工勤人员技能竞赛获奖选手等级晋升,工勤人员可破格晋升获奖情形,机关事业单位工勤人员参加技能竞赛可破格晋升技术等级的获奖情形
机关事业单位工勤人员继续教育,start继续教育入口,机关事业单位工勤人员继续教育培训
机关事业单位工勤人员继续教育,start机关事业单位工勤人员继续教育,机关事业单位工勤人员继续教育
机关事业单位工勤人员继续教育,继续教育培训,继续教育培训
机关事业单位工勤人员继续教育,继续教育的培训对象,机关事业单位工勤人员继续教育的培训对象
机关事业单位工勤人员继续教育,继续教育的培训周期,机关事业单位工勤人员继续教育的培训周期
机关事业单位工勤人员继续教育,参加继续教育的作用,参加继续教育的作用
机关事业单位工勤人员继续教育,继续教育的组织形式,机关事业单位工勤人员继续教育的培训组织形式
机关事业单位工勤人员继续教育,继续教育各等级课时的要求,机关事业单位工勤人员继续教育各等级课时的要求
机关事业单位工勤人员高级技师考评,start机关事业单位人员高级技师考评,机关事业单位工勤人员高级技师考评
机关事业单位工勤人员高级技师考评,申报,高级技师申报
机关事业单位工勤人员高级技师考评,未通过申报方式,未通过机关事业单位工勤人员高级技师考评的申报方式
机关事业单位工勤人员高级技师考评,指标问题,指标问题
机关事业单位工勤人员高级技师考评,申报的专家要求,推荐机关事业单位工勤人员申报高级技师时的专家要求
机关事业单位工勤人员高级技师考评,申报条件,机关事业单位工勤人员高级技师的申报条件
机关事业单位工勤人员高级技师考评,申报材料,机关事业单位工勤人员申报高级技师的材料
机关事业单位工勤人员高级技师考评,破格申报条件,机关事业单位工勤人员破格申报高级技师的条件
机关事业单位工勤人员高级技师考评,申报论文要求,机关事业单位工勤人员申报高级技师论文要求
机关事业单位工勤人员高级技师考评,申报起止时间,机关事业单位工勤人员申报高级技师起止时间
机关事业单位工勤人员高级技师考评,考评结果,机关事业单位工勤人员高级技师考评结果
机关事业单位工勤人员高级技师考评,申报指标要求,申报机关事业单位工勤人员高级技师通用工种的指标要求
机关事业单位工勤人员高级技师考评,未通过指标问题,往年未通过机关事业单位工勤人员高级技师评审人员的指标问题
机关事业单位工勤人员高级技师考评,start高级技师申报,高级技师申报
机关事业单位工勤人员高级技师考评,start指标问题入口,机关事业单位工勤人员高级技师考评指标问题
正常调动工资核定,办理条件,事业单位工作人员正常调动工资核定办理条件
正常调动工资核定,办理对象,事业单位工作人员正常调动工资核定办理对象
正常调动工资核定,start正常调动工资核定,事业单位工作人员正常调动工资核定
正常调动工资核定,办理材料,事业单位工作人员正常调动工资核定办理材料
民办职业培训学校变更,start民办职业培训学校变更,民办职业培训学校变更
民办职业培训学校变更,名称变更,名称变更
民办职业培训学校变更,行政区域内校址变更,行政区域内校址变更
民办职业培训学校变更,职业（工种）增加,职业（工种）增加
民办职业培训学校变更,举办者或法人代表变更,举办者或法人代表变更
民办职业培训学校申报标准,管理制度申报标准,管理制度申报标准
民办职业培训学校申报标准,教学资料申报标准,教学资料申报标准
民办职业培训学校申报标准,办学规模申报标准,办学规模申报标准
民办职业培训学校申报标准,人员申报标准,人员申报标准
民办职业培训学校申报标准,组织机构申报标准,组织机构申报标准
民办职业培训学校申报标准,师资队伍申报标准,师资队伍申报标准
民办职业培训学校申报标准,场所申报标准,场所申报标准
民办职业培训学校申报标准,start民办职业培训学校申报标准,民办职业培训学校申报标准
民办职业培训学校申报标准,经费申报标准,经费申报标准
民办职业培训学校申报标准,举办者申报标准,举办者申报标准
民办职业培训学校设立和终止,民办职业培训学校终止的情形,民办职业培训学校终止的情形
民办职业培训学校设立和终止,start民办职业培训学校设立,民办职业培训学校设立
民办职业培训学校设立和终止,start民办职业培训学校终止,民办职业培训学校终止
民办职业培训学校设立和终止,民办职业培训学校的审批流程,民办职业培训学校的审批流程
民办职业培训学校设立和终止,民办职业培训学校的终止,民办职业培训学校的终止
民办职业培训学校设立和终止,民办职业培训学校的审批材料,民办职业培训学校的审批材料
民办职业培训学校设立和终止,民办职业培训学校的定义,民办职业培训学校的定义
民办职业培训学校设立和终止,民办职业培训学校终止的审批材料,民办职业培训学校终止的审批材料
民办职业培训学校设立和终止,民办职业培训学校的设立,民办职业培训学校的设立
民办职业培训学校设立和终止,start民办职业培训学校,民办职业培训学校
求职创业补贴申领,start求职创业补贴申领,求职创业补贴申领
求职创业补贴申领,求职创业补贴的申领材料,求职创业补贴的申领材料
求职创业补贴申领,求职创业补贴的申领流程,求职创业补贴的申领流程
求职创业补贴申领,求职创业补贴的补贴标准,求职创业补贴的补贴标准
求职创业补贴申领,求职创业补贴的适用范围,求职创业补贴的适用范围
江苏省二级建造师执业资格考试报名,社保费缴纳在劳务派遣公司,社保费缴纳在劳务派遣公司、未缴纳在本单位是否影响省二级建造师考试报名
江苏省二级建造师执业资格考试报名,报名条件,省二级建造师执业资格考试报名条件
江苏省二级建造师执业资格考试报名,技校学历能否报考二建,技校学历能否报考省二级建造执业资格考试
江苏省二级建造师执业资格考试报名,工作年限的计算方法,省二级建造师执业资格考试中从事建设工程项目施工管理工作年限的计算方法
江苏省二级建造师执业资格考试报名,1+13答案,地市名称
江苏省二级建造师执业资格考试报名,start1+13问题,省二级建造师执业资格考试[t_地市名称]技术咨询电话
江苏省二级建造师执业资格考试报名,咨询电话,省二级建造师执业资格考试报名咨询电话
江苏省二级建造师执业资格考试报名,start江苏省二级建造师执业资格考试,江苏省二级建造师执业资格考试报名
江苏省二级建造师执业资格考试报名,专业不在专业对照表中的处理方式,省二级建造师执业资格考试报考人员专业不在专业对照表中的处理方式
江苏省技能大奖评选表彰申报,start江苏省技能大奖评选表彰申报,江苏省技能大奖评选表彰申报
江苏省技能大奖评选表彰申报,江苏省技能大奖评选表彰申报条件,江苏省技能大奖评选表彰申报条件
江苏省技能大奖评选表彰申报,江苏省技能大奖评选表彰申报流程,江苏省技能大奖评选表彰申报流程
江苏省技能大奖评选表彰申报,江苏省技能大奖评选表彰申报材料,江苏省技能大奖评选表彰的申报材料
江苏省有突出贡献的中青年专家申报,申报对象,省有突出贡献中青年专家的申报对象
江苏省有突出贡献的中青年专家申报,企业人员申报中青年专家的渠道,企业工作的人员申报省有突出贡献的中青年专家的渠道
江苏省有突出贡献的中青年专家申报,start有突出贡献的中青年专家申报,江苏省有突出贡献的中青年专家申报
江苏省有突出贡献的中青年专家申报,中青年专家对职称的要求,申报省有突出贡献中青年专家对职称的要求
江苏省有突出贡献的中青年专家申报,入选中青年专家的奖励,入选省有突出贡献的中青年专家的奖励
江苏省有突出贡献的中青年专家申报,年龄要求,申报省有突出贡献中青年专家的年龄要求
江苏省有突出贡献的中青年专家申报,公务员事业单位申报中青年专家,公务员或事业单位人员是否可以申报省有突出贡献的中青年专家
江苏省有突出贡献的中青年专家申报,申报要求,省有突出贡献中青年专家的申报条件
江苏省留学回国先进个人奖申报,start江苏省留学回国先进个人奖申报,江苏省留学回国先进个人奖申报
江苏省留学回国先进个人奖申报,企业人员申报先进个人奖的渠道,企业工作人员申报省留学回国先进个人奖的渠道
江苏省留学回国先进个人奖申报,公务员事业单位申报先进个人奖,公务员或事业单位人员是否可以申报省留学回国先进个人奖
江苏省留学回国先进个人奖申报,身份的界定,留学回国人员身份的界定
江苏省留学回国先进个人奖申报,入选先进个人的奖励标准,入选江苏省留学回国先进个人的奖励标准
江苏省留学回国先进个人奖申报,申报的对象,江苏省留学回国先进个人奖的申报对象
江苏省留学回国先进个人奖申报,年龄的要求,申报江苏省留学回国先进个人的年龄要求
江苏省考试录用公务员报名,报名时间,省考试录用公务员的报名时间
江苏省考试录用公务员报名,考试成绩公布时间,省公务员录用考试成绩公布时间
江苏省考试录用公务员报名,省人社厅网站网址,省人社厅网站网址
江苏省考试录用公务员报名,身份证遗失,参加省公务员录用考试身份证原件遗失的处理方法
江苏省考试录用公务员报名,省委组织部网站网址,省委组织部网站网址
江苏省考试录用公务员报名,改报其他岗位,省考试录用公务员报名审核通过后能否改报其他岗位
江苏省考试录用公务员报名,start1+13问题,江苏省考试录用公务员报名[t_地市名称]技术咨询电话
江苏省考试录用公务员报名,start江苏省考试录用公务员报名,江苏省考试录用公务员报名 
江苏省考试录用公务员报名,岗位设置有疑问的处理方法,省考试录用公务员报名时对岗位设置有疑问的处理方法
江苏省考试录用公务员报名,1+13答案,地市名称
江苏省考试录用公务员报名,补报名,省考试录用公务员报名结束后补报名的情形
江苏省考试录用公务员报名,报名技术咨询电话,省考试录用公务员报名咨询电话
江苏省考试录用公务员报名,报名条件,省考试录用公务员的报名条件
江苏省（市）企业首席技师申报,start江苏省（市）企业首席技师申报,江苏省（市）企业首席技师申报
江苏省（市）企业首席技师申报,江苏省企业首席技师申报流程,江苏省企业首席技师申报流程
江苏省（市）企业首席技师申报,江苏省企业首席技师申报条件,江苏省企业首席技师申报条件
江苏省（市）企业首席技师申报,江苏省企业首席技师的申报材料,江苏省企业首席技师的申报材料
流动人才党员流动管理服务,办理材料,流动人才党员流动管理服务的办理材料
流动人才党员流动管理服务,start人才党员流动管理服务,流动人才党员流动管理服务
流动人才党员流动管理服务,办理对象及条件,流动人才党员流动管理服务的办理对象及条件
流动人才党员流动管理服务,办理流程,流动人才党员流动管理服务的办理流程
流动人才党员组织生活活动,报名材料,流动人才党员组织生活活动的报名材料
流动人才党员组织生活活动,报名对象及条件,流动人才党员组织生活活动的报名对象及条件
流动人才党员组织生活活动,报名流程,流动人才党员组织生活活动的报名流程
流动人才党员组织生活活动,start流动人才党员组织生活活动,流动人才党员组织生活活动
浮动工资改固定工资核定,办理流程,事业单位工作人员浮动工资改固定工资核定办理流程
浮动工资改固定工资核定,start浮动工资改固定工资核定,事业单位工作人员浮动工资改固定工资核定
浮动工资改固定工资核定,办理对象,事业单位工作人员浮动工资改固定工资核定办理对象
浮动工资改固定工资核定,办理条件,事业单位工作人员浮动工资改固定工资核定办理条件
浮动工资改固定工资核定,办理材料,事业单位工作人员浮动工资改固定工资核定办理材料
浮动工资核定,start浮动工资核定,事业单位工作人员浮动工资核定
浮动工资核定,办理条件,事业单位工作人员浮动工资核定办理条件
浮动工资核定,办理材料,事业单位工作人员浮动工资核定办理材料
浮动工资核定,办理流程,事业单位工作人员浮动工资核定办理流程
浮动工资核定,办理对象,事业单位工作人员浮动工资核定办理对象
灵活就业人员社保补贴申领,灵活就业人员社保补贴的申领材料,灵活就业人员社保补贴的申领材料
灵活就业人员社保补贴申领,灵活就业人员社保补贴的补贴标准,灵活就业人员社保补贴的补贴标准
灵活就业人员社保补贴申领,补贴期限1,就业困难人员灵活就业社保补贴的补贴期限
灵活就业人员社保补贴申领,start灵活就业人员社保补贴的补贴期限,灵活就业人员社保补贴的补贴期限
灵活就业人员社保补贴申领,灵活就业人员社保补贴的申领条件,灵活就业人员社保补贴的申领条件
灵活就业人员社保补贴申领,start1+13申领方式,[t_地市名称]灵活就业人员社保补贴的申领方式
灵活就业人员社保补贴申领,灵活就业人员社保补贴补贴期限,灵活就业人员社保补贴补贴期限
灵活就业人员社保补贴申领,补贴期限2,高校毕业生灵活就业社保补贴的补贴期限
灵活就业人员社保补贴申领,灵活就业人员社保补贴的申领方式,灵活就业人员社保补贴的申领方式
灵活就业人员社保补贴申领,1+13对应地市申领方式,地市名称
灵活就业人员社保补贴申领,start灵活就业人员社保补贴申领,灵活就业人员社保补贴申领
特岗津贴核定,start特岗津贴核定,事业单位工作人员特岗津贴核定
特岗津贴核定,办理对象,事业单位工作人员特岗津贴核定办理对象
特岗津贴核定,办理条件,事业单位工作人员特岗津贴核定办理条件
特岗津贴核定,办理材料,事业单位工作人员特岗津贴核定办理材料
特岗津贴核定,办理流程,事业单位工作人员特岗津贴核定办理流程
用人单位公益性岗位补贴和社保补贴申领,公益性岗位补贴的补贴期限,公益性岗位补贴的补贴期限
用人单位公益性岗位补贴和社保补贴申领,start公益性岗位补贴和社保补贴申领,用人单位公益性岗位补贴和社保补贴申领
用人单位公益性岗位补贴和社保补贴申领,公益性岗位补贴的申领材料,公益性岗位补贴的申领材料
用人单位公益性岗位补贴和社保补贴申领,用人单位公益性岗位的补贴标准,用人单位公益性岗位的补贴标准
用人单位公益性岗位补贴和社保补贴申领,公益性岗位社保补贴的补贴期限,公益性岗位社保补贴的补贴期限
用人单位公益性岗位补贴和社保补贴申领,用人单位公益性岗位的安置对象,用人单位公益性岗位的安置对象
用人单位公益性岗位补贴和社保补贴申领,公益性岗位社保补贴的补贴标准,公益性岗位社保补贴的补贴标准
用人单位公益性岗位补贴和社保补贴申领,公益性岗位补贴的具体标准,公益性岗位补贴的具体标准
电子社会保障卡签发,电子社保卡安全性如何保障,电子社保卡安全性如何保障
电子社会保障卡签发,未申领实体社保卡签发失败,电子社保卡因未申领实体社保卡签发失败
电子社会保障卡签发,电子社保卡应用,电子社保卡应用
电子社会保障卡签发,电子社保卡签发失败原因,电子社保卡签发失败原因
电子社会保障卡签发,start电子社保卡应用入口,电子社保卡应用有哪些
电子社会保障卡签发,start电子社会保障卡签发,电子社会保障卡签发
电子社会保障卡签发,电子社保卡申领条件,电子社保卡申领条件
电子社会保障卡签发,电子社保卡渠道查询,电子社保卡渠道查询
电子社会保障卡签发,挂失后电子社保卡能否使用,实体社保卡挂失后电子社保卡是否还能使用
电子社会保障卡签发,开通缴费结算流程,电子社保卡开通缴费结算流程
电子社会保障卡签发,电子社保卡申领渠道,电子社保卡申领渠道
电子社会保障卡签发,人脸识别失败签发失败,电子社保卡因人脸识别失败签发失败
电子社会保障卡签发,start电子社保卡签发失败原因入口,电子社保卡签发失败
电子社会保障卡签发,实体社保卡状态异常签发失败,电子社保卡因实体社保卡状态异常签发失败
电子社会保障卡签发,无法查询相关信息怎么处理,电子社保卡无法查询相关信息怎么处理
电子社会保障卡解绑,start电子社会保障卡解绑,电子社会保障卡解绑
电子社会保障卡解绑,电子社保卡解绑注意事项,电子社保卡解绑注意事项
电子社会保障卡解绑,电子社保卡解绑流程,电子社保卡解绑流程
省事业单位公开招聘公告发布,1+13对应地市招聘公告发布,地市名称
省事业单位公开招聘公告发布,start省事业单位公开招聘公告发布,[t_地市名称]事业单位公开招聘公告发布的地址、发布的时间、报名方式、报名时间
省人力资源社会保障优秀科研成果申报,申报后修改要求,省人力资源社会保障优秀科研成果申报后修改要求
省人力资源社会保障优秀科研成果申报,同一个申报者申报成果数量要求,省人力资源社会保障优秀科研成果同一个申报者申报成果数量要求
省人力资源社会保障优秀科研成果申报,start申报要求入口,省人力资源社会保障优秀科研成果申报过程中的要求
省人力资源社会保障优秀科研成果申报,公示要求,省人力资源社会保障优秀科研成果公示要求
省人力资源社会保障优秀科研成果申报,申报多项成果注册账号要求,省人力资源社会保障优秀科研成果申报多项成果注册账号要求
省人力资源社会保障优秀科研成果申报,申报材料,省人社优秀科研成果申报材料
省人力资源社会保障优秀科研成果申报,start省人社优秀科研成果申报,省人力资源社会保障优秀科研成果申报
省人力资源社会保障优秀科研成果申报,同一个项目成果申报次数要求,省人力资源社会保障优秀科研成果同一个项目成果申报次数要求
省人力资源社会保障优秀科研成果申报,不得申报的成果形式,省人力资源社会保障优秀科研成果评选不得申报的成果形式
省人力资源社会保障优秀科研成果申报,评选获奖结果的公布,省人力资源社会保障优秀科研成果评选获奖结果的公布
省人力资源社会保障优秀科研成果申报,申报范围,省人力资源社会保障优秀科研成果申报范围
省人力资源社会保障优秀科研成果申报,在职称评审中的作用,省人力资源社会保障优秀科研成果在职称评审中的作用
省人力资源社会保障优秀科研成果申报,申报成果时限的界定,省人力资源社会保障优秀科研成果申报成果时限的界定
省人力资源社会保障优秀科研成果申报,审核时间,省人力资源社会保障优秀科研成果审核时间
省人力资源社会保障优秀科研成果申报,申报成果署名填报要求,省人力资源社会保障优秀科研成果申报成果署名填报要求
省人力资源社会保障优秀科研成果申报,中央驻苏单位的科研成果参评要求,中央驻苏单位的科研成果参评要求
省人力资源社会保障优秀科研成果申报,申报要求,省人社优秀科研成果申报过程中的要求
省人力资源社会保障优秀科研成果申报,start申报材料入口,省人力资源社会保障优秀科研成果申报材料
省人力资源社会保障优秀科研成果申报,评选中成果项类型填报要求,省人力资源社会保障优秀科研成果评选中成果项类型填报要求
省人力资源社会保障优秀科研成果申报,申报链接,省人力资源社会保障优秀科研成果申报链接
省人力资源社会保障优秀科研成果申报,评选申报者要求,省人力资源社会保障优秀科研成果评选申报者要求
省人力资源社会保障优秀科研成果的标准,start省人社优秀科研成果的标准,省人力资源社会保障优秀科研成果的标准
省人力资源社会保障优秀科研成果的标准,经济奖励标准,省人力资源社会保障优秀科研成果经济奖励标准
省人力资源社会保障优秀科研成果的标准,申报查重比对标准,省人力资源社会保障优秀科研成果申报查重比对标准
省博士后创新实践基地申报,start省博士后创新实践基地申报,省博士后创新实践基地申报
省博士后创新实践基地申报,省基地的申报程序,省博士后创新实践基地的申报程序
省博士后创新实践基地申报,基地的申报条件,省博士后创新实践基地的申报条件
省海外高层次人才居住证,start省海外高层次人才居住证,省海外高层次人才居住证
省海外高层次人才居住证,居住证申领,省海外高层次人才居住证申领
省海外高层次人才居住证,居住证所需材料,省海外高层次人才居住证申领所需材料
省海外高层次人才居住证,在苏工作时间要求,省海外高层次人才在苏工作时间要求
省海外高层次人才居住证,学位及认证要求,在国（境）外取得博士学位及认证要求
省海外高层次人才居住证,非江苏户籍的理解,对海外高层次人才非江苏户籍的理解
省海外高层次人才居住证,申领条件,省海外高层次人才居住证申领条件
省海外高层次人才居住证,申领方式,省海外高层次人才居住证的申领方式
省海外高层次人才居住证,（副证）申领条件,省海外高层次人才居住证（副证）的申领条件
省海外高层次人才居住证,start居住证申领入口,关于省海外高层次人才居住证申领事项
省海外高层次人才居住证,证明材料,省海外高层次人才工作经历的证明材料
省海外高层次人才居住证,副证所需材料,新办省海外高层次人才居住证副证所需材料
省海外高层次人才居住证,主证所需材料,新办省海外高层次人才居住证主证所需材料
省海外高层次人才居住证,start居住证材料入口,省海外高层次人才居住证申领及办理所需材料
省海外高层次人才居住证业务办理,居住证失效情形,省海外高层次人才居住证失效情形
省海外高层次人才居住证业务办理,补办居住证的材料,补办省海外高层次人才居住证所需材料
省海外高层次人才居住证业务办理,居住证所需材料,变更省海外高层次人才居住证所需材料
省海外高层次人才居住证业务办理,挂失居住证的流程,挂失省海外高层次人才居住证的流程
省海外高层次人才居住证业务办理,居住证延期申请,省海外高层次人才居住证延期申请
省海外高层次人才居住证业务办理,start延期申请事项入口,省海外高层次人才居住证的期限及延期申请事项
省海外高层次人才居住证业务办理,延期申请所需材料,省海外高层次人才居住证延期申请所需材料
省海外高层次人才居住证业务办理,注销居住证的流程,注销省海外高层次人才居住证的办理流程
省海外高层次人才居住证业务办理,start省海外高层次人才居住证业务办理,省海外高层次人才居住证业务办理
省海外高层次人才居住证业务办理,延期申请的办理流程,省海外高层次人才居住证延期申请的办理流程
省海外高层次人才居住证业务办理,居住证的有效期限,省海外高层次人才居住证的有效期限
省示范博士后科研工作站申报,start省示范博士后科研工作站申报,省示范博士后科研工作站申报
省示范博士后科研工作站申报,申报的推荐范围,省示范博士后科研工作站申报的推荐范围
省示范博士后科研工作站申报,申报的推荐条件,博士后科研工作站的申报程序省示范博士后科研工作站申报的推荐条件
省级乡土人才建设发展项目申报,start省级乡土人才建设发展项目申报,省级乡土人才建设发展项目申报
省级乡土人才建设发展项目申报,示范基地项目申报,省级乡土人才传承示范基地项目申报
省级乡土人才建设发展项目申报,工作室项目申报,省级乡土人才大师示范工作室项目申报
省级乡土人才建设发展项目申报,示范基地的资助额度,省级乡土人才传承示范基地的资助额度
省级乡土人才建设发展项目申报,示范基地数量规定,评选资助省级乡土人才传承示范基地数量的规定
省级乡土人才建设发展项目申报,示范基地的定义,省级乡土人才传承示范基地的定义
省级乡土人才建设发展项目申报,示范基地的申报流程,省级乡土人才传承示范基地的申报流程
省级乡土人才建设发展项目申报,start示范基地项目申报入口,省级乡土人才建设发展传承示范基地项目申报
省级乡土人才建设发展项目申报,示范工作室数量的规定,每年评选资助省级乡土人才大师示范工作室数量的规定
省级乡土人才建设发展项目申报,示范工作室的申报流程,省级乡土人才大师示范工作室的申报流程
省级乡土人才建设发展项目申报,示范工作室的资助额度,省级乡土人才大师示范工作室的资助额度
省级乡土人才建设发展项目申报,示范工作室的定义,省级乡土人才大师示范工作室的定义
省级乡土人才建设发展项目申报,start工作室项目申报入口,省级乡土人才建设发展大师示范工作室项目申报
省级就业见习示范基地申报,省级就业见习示范基地的申报对象,省级就业见习示范基地的申报对象
省级就业见习示范基地申报,省级就业见习示范基地的申报条件,省级就业见习示范基地的申报条件
省级就业见习示范基地申报,省级就业见习示范基地的申报流程,省级就业见习示范基地的申报流程
省级就业见习示范基地申报,省级就业见习示范基地的申报材料,省级就业见习示范基地的申报材料
省级就业见习示范基地申报,start省级就业见习示范基地申报,省级就业见习示范基地申报
省级技能大师工作室建设项目申报,申报条件,省级技能大师工作室建设项目申报条件
省级技能大师工作室建设项目申报,start技能大师申报条件,技能大师工作室建设项目申报条件
省级技能大师工作室建设项目申报,申报流程,省级技能大师工作室建设项目申报流程
省级技能大师工作室建设项目申报,传统工艺传承方面,传统工艺传承方面
省级技能大师工作室建设项目申报,创新创优方面,创新创优方面
省级技能大师工作室建设项目申报,科技成果转化方面,科技成果转化方面
省级技能大师工作室建设项目申报,授艺带徒方面,授艺带徒方面
省级技能大师工作室建设项目申报,技术攻关方面,技术攻关方面
省级技能大师工作室建设项目申报,start省级技能大师工作室建设项目申报,省级技能大师工作室建设项目申报
省级技能大师工作室建设项目申报,申报材料,省级技能大师工作室建设项目的申报材料
省（市）留学回国人员创新创业园申报,start省（市）创新创业园申报,省（市）留学回国人员创新创业园申报
省（市）留学回国人员创新创业园申报,申报要求,省留学回国人员创新创业园园区申报要求
省（市）留学回国人员创新创业园申报,留学人员毕业企业具备条件,省（市）留学回国人员创新创业园申报中留学人员毕业企业具备条件
省（市）留学回国人员创新创业园申报,孵留学人员创业企业具备条件,省（市）留学回国人员创新创业园申报中在孵留学人员创业企业具备条件
省（市）留学回国人员创新创业园申报,创新创业园的授牌部门,获批省留学回国人员创新创业园的授牌部门
省（市）留学回国人员创新创业示范基地申报,start创新创业示范基地申报,省（市）留学回国人员创新创业示范基地申报
省（市）留学回国人员创新创业示范基地申报,孵留学人员创业企业具备条件,省（市）留学回国人员创新创业示范基地申报中在孵留学人员创业企业具备条件
省（市）留学回国人员创新创业示范基地申报,留学人员毕业企业具备条件,省（市）留学回国人员创新创业示范基地申报中留学人员毕业企业具备条件
省（市）留学回国人员创新创业示范基地申报,级别的申报要求,江苏省留学回国人员创新创业示范基地的园区级别的申报要求
省（市）留学回国人员创新创业示范基地申报,创新创业示范基地的支持政策,获批江苏省留学回国人员创新创业示范基地的支持政策
省（市）级继续教育基地申报,start省（市）级继续教育基地申报,省（市）级继续教育基地申报
省（市）级继续教育基地申报,经费补助标准,省级继续教育基地的经费补助标准
省（市）级继续教育基地申报,必填内容,省级继续教育基地申报表中的社会力量办学许可证是否为必填内容
省（市）级继续教育基地申报,承担的任务,省级继续教育基地承担的任务
省（市）级继续教育基地申报,申报单位,省级专业技术人才继续教育基地的申报单位
省（市）级继续教育基地申报,申报条件,省级继续教育基地的申报条件
省（市）级高技能人才专项公共实训基地建设项目申报,办理材料,省级高技能人才专项公共实训基地建设项目办理材料
省（市）级高技能人才专项公共实训基地建设项目申报,办理流程,省级高技能人才专项公共实训基地建设项目办理流程
省（市）级高技能人才专项公共实训基地建设项目申报,start人才专项公共实训基地建设申报,省级高技能人才专项公共实训基地建设项目申报
省（市）级高技能人才专项公共实训基地建设项目申报,办理条件,省级高技能人才专项公共实训基地建设项目办理条件
省（市）级高技能人才专项公共实训基地建设项目申报,办理地址,省级高技能人才专项公共实训基地建设项目办理地点
省（市）级高级研修项目申报,start省（市）级高级研修项目申报,省（市）级高级研修项目申报
省（市）级高级研修项目申报,单位资质,省级高级研修项目承办单位资质
省（市）级高级研修项目申报,选题重点,省级高级研修项目的选题重点
省（市）级高级研修项目申报,发放条件,省级高级研修项目结业证书发放条件
省（市）级高级研修项目申报,研修对象,省级高级研修项目的研修对象
社会保障卡密码修改,start社会保障卡密码修改,社会保障卡密码修改
社会保障卡密码修改,实体社会保障卡密码修改,实体社保卡密码修改流程
社会保障卡密码修改,实体社会保障卡密码重置流程,实体社保卡密码重置流程
社会保障卡密码修改,电子社会保障卡密码修改,电子社保卡密码修改
社会保障卡密码修改,实体社会保障卡密码修改流程,实体社保卡密码修改
社会保障卡密码修改,电子社保卡密码首次设置流程,电子社保卡密码首次设置流程
社会保障卡密码修改,电子社保卡密码重置流程,电子社保卡密码重置流程
社会保障卡密码修改,人社功能密码的修改流程,实体社会保障卡人社功能密码的修改流程
社会保障卡密码修改,金融功能密码的修改流程,实体社会保障卡金融功能密码的修改流程
社会保障卡密码修改,人社功能密码的重置流程,实体社会保障卡人社功能密码的重置流程
社会保障卡密码修改,金融功能密码的重置流程,实体社会保障卡金融功能密码的重置流程
社会保障卡密码修改,start实体社保卡密码修改入口,实体社会保障卡密码修改
社会保障卡密码修改,start电子社保卡密码修改入口,电子社会保障卡密码修改
社会保障卡密码修改,start实体社保卡密码修改流程入口,实体社会保障卡密码修改流程
社会保障卡密码修改,start实体社保卡密码重置流程入口,实体社会保障卡密码重置流程
社会保障卡挂失与解挂,社会保障卡解除线上挂失流程,社会保障卡解除线上挂失流程
社会保障卡挂失与解挂,社会保障卡正式挂失流程,社会保障卡的正式挂失流程
社会保障卡挂失与解挂,start社保卡解除正式挂失流程入口,社会保障卡解除正式挂失流程
社会保障卡挂失与解挂,start社保卡正式挂失流程入口,社会保障卡正式挂失流程
社会保障卡挂失与解挂,社会保障卡解除线下挂失流程,社会保障卡解除线下挂失流程
社会保障卡挂失与解挂,start社保卡临时挂失与解挂入口,社会保障卡临时挂失与解挂
社会保障卡挂失与解挂,社会保障卡解除临时挂失流程,社会保障卡解除临时挂失流程
社会保障卡挂失与解挂,社会保障卡解除正式挂失流程,社保卡解除正式挂失
社会保障卡挂失与解挂,社会保障卡线下挂失流程,社会保障卡线下挂失流程
社会保障卡挂失与解挂,社会保障卡正式挂失与解挂,正式挂失与解挂
社会保障卡挂失与解挂,社会保障卡临时挂失与解挂,临时挂失与解挂
社会保障卡挂失与解挂,社会保障卡临时挂失流程,社会保障卡临时挂失流程
社会保障卡挂失与解挂,start社保卡正式挂失与解挂入口,社会保障卡正式挂失与解挂
社会保障卡挂失与解挂,社会保障卡线上挂失流程,社会保障卡线上挂失流程
社会保障卡挂失与解挂,start社会保障卡挂失与解挂,社会保障卡挂失与解挂
社会保障卡换卡,start社会保障卡换卡,社会保障卡换卡
社会保障卡换卡,社会保障卡更换合作银行换卡流程,社会保障卡因更换合作金融机构换卡流程
社会保障卡换卡,社会保障卡质量问题换卡流程,社会保障卡因质量问题、人为损坏、更换照片换卡流程
社会保障卡换卡,社会保障卡个人信息变更换卡流程,社会保障卡因个人信息变更换卡流程
社会保障卡注销,跨省转移人员社会保障卡注销,跨省转移人员社会保障卡注销流程
社会保障卡注销,start社会保障卡注销,社会保障卡注销
社会保障卡注销,死亡人员社会保障卡注销,死亡人员社会保障卡注销流程
社会保障卡注销,出国定居人员社会保障卡注销,出国（境）定居人员社会保障卡注销流程
社会保障卡申领,start社会保障卡申领<br/>,社会保障卡申领
社会保障卡申领,start社会保障卡发卡周期入口,社会保障卡发卡周期
社会保障卡申领,社会保障卡申领对象,社会保障卡申领对象有哪些
社会保障卡申领,start社会保障卡申领流程入口,社会保障卡申领流程
社会保障卡申领,社会保障卡统一发卡周期,社会保障卡统一发卡周期
社会保障卡申领,社会保障卡人社功能激活流程,社会保障卡人社功能激活流程
社会保障卡申领,社会保障卡金融功能激活流程,社会保障卡金融功能激活流程
社会保障卡申领,社会保障卡快速发卡周期,社会保障卡快速发卡周期
社会保障卡申领,社会保障卡线上申领流程,社会保障卡线上申领流程
社会保障卡申领,社会保障卡线下申领流程,社会保障卡线下申领流程
社会保障卡申领,start社会保障卡激活流程入口,社会保障卡激活流程
社会保障卡申领,社会保障卡激活流程,社保卡激活
社会保障卡申领,社会保障卡申领流程,社保卡申领
社会保障卡申领,社会保障卡发卡周期,社保卡发卡周期
社会保障卡补卡,社会保障卡补卡线上办理,社会保障卡补卡线上办理
社会保障卡补卡,社会保障卡补卡线下办理,社会保障卡补卡线下办理
社会保障卡补卡,start社会保障卡补卡,社会保障卡补卡
紧缺型高技能人才获证培训,start紧缺型高技能人才获证培训,紧缺型高技能人才获证培训
紧缺型高技能人才获证培训,办理地点,紧缺型高技能人才获证培训的办理地点
紧缺型高技能人才获证培训,办理条件,紧缺型高技能人才获证培训的办理条件
紧缺型高技能人才获证培训,办理材料,紧缺型高技能人才获证培训的办理材料
终局裁决,终局裁决以外其他裁决的权利救济,终局裁决以外其他仲裁裁决的权利救济
终局裁决,终局裁决的权利救济,终局裁决的权利救济
终局裁决,start终局裁决,终局裁决
终局裁决,符合终局裁决的情形,符合终局裁决的情形
经济性裁员,start经济性裁员,经济性裁员
经济性裁员,企业经济性裁员的程序,企业经济性裁员的程序
经济性裁员,裁员范围,裁员范围
经济性裁员,经济性裁员的定义,经济性裁员的定义
经济性裁员,符合经济性裁员的情形,符合经济性裁员的情形
经济性裁员,应优先留用人员的范围,经济性裁员时应优先留用人员的范围
经济性裁员,不得解除的人员范围,经济性裁员不得解除的人员范围
经济性裁员,start裁员的范围,裁员的范围
综合计算工时工作制和不定时工作制,start特殊工时制,综合计算工时工作制和不定时工作制
综合计算工时工作制和不定时工作制,综合工时,综合工时
综合计算工时工作制和不定时工作制,不定时,不定时
综合计算工时工作制和不定时工作制,综合计算工时工作制的定义,综合计算工时工作制的定义
综合计算工时工作制和不定时工作制,综合计算工时工作制的适用范围,综合计算工时工作制的适用范围
综合计算工时工作制和不定时工作制,综合计算工时工作制的加班费规定,实行综合计算工时工作制的企业支付加班费的规定
综合计算工时工作制和不定时工作制,综合计算工时工作制的特殊规定,实行综合计算工时工作制的特殊规定
综合计算工时工作制和不定时工作制,综合计算工时工作制的申请材料,申请实行综合计算工时工作制的材料
综合计算工时工作制和不定时工作制,不定时工作制的适用范围,不定时工作制的适用范围
综合计算工时工作制和不定时工作制,不定时工作制的申请材料,申请实行不定时工作制的材料
综合计算工时工作制和不定时工作制,不定时工作制的加班费规定,实行不定时工作制的企业支付加班费的规定
综合计算工时工作制和不定时工作制,不定时工作制的定义,不定时工作制的定义
综合计算工时工作制和不定时工作制,start综合计算工时工作制,综合计算工时工作制
综合计算工时工作制和不定时工作制,start不定时工作制,不定时工作制
职业介绍,办理材料1,单位法人职业介绍的办理材料
职业介绍,办理条件2,个人求职者职业介绍的办理条件
职业介绍,start单位法人的职业介绍办理流程,单位法人的职业介绍办理流程
职业介绍,办理材料2,个人求职者职业介绍的办理材料
职业介绍,start单位法人的职业介绍办理,单位法人的职业介绍办理
职业介绍,单位法人,单位法人职业介绍办理
职业介绍,个人求职者,个人求职者职业介绍办理
职业介绍,办理流程1,单位法人职业介绍办理流程
职业介绍,线下办理流程1,单位法人职业介绍的线下办理流程
职业介绍,start个人求职者的职业介绍办理流程,个人求职者的职业介绍办理流程
职业介绍,线上办理流程1,单位法人职业介绍的线上办理流程
职业介绍,线下办理流程2,个人求职者职业介绍的线下办理流程
职业介绍,办理流程2,个人求职者职业介绍办理流程
职业介绍,线上办理流程2,个人求职者职业介绍的线上办理流程
职业介绍,start个人求职者的职业介绍办理,个人求职者的职业介绍办理
职业介绍,办理条件1,单位法人职业介绍的办理条件
职业介绍,start职业介绍,职业介绍
职业技能竞赛申报,职业技能竞赛申报流程,职业技能竞赛申报流程
职业技能竞赛申报,start职业技能竞赛申报,职业技能竞赛申报
职业技能竞赛申报,职业技能竞赛的申报材料,职业技能竞赛的申报材料
职业技能竞赛申报,职业技能竞赛申报条件,职业技能竞赛申报条件
职业技能等级认定机构备案,第三方评价机构,第三方评价机构职业技能认定备案条件
职业技能等级认定机构备案,用人单位,用人单位职业技能等级备案条件
职业技能等级认定机构备案,职业技能等级认定机构备案流程,职业技能等级认定机构备案流程
职业技能等级认定机构备案,start技能等级认定机构备案条件入口,职业技能等级认定机构备案条件分为什么
职业技能等级认定机构备案,职业技能等级认定机构备案条件,职业技能等级认定机构备案条件
职业技能等级认定机构备案,start职业技能等级认定机构备案,职业技能等级认定机构备案
职业技能考核鉴定机构备案,start职业技能考核鉴定机构备案,职业技能考核鉴定机构备案
职业技能考核鉴定机构备案,职业技能考核鉴定机构备案流程,职业技能考核鉴定机构备案流程
职业技能考核鉴定机构备案,职业技能考核鉴定机构的备案条件,职业技能考核鉴定机构的备案条件
职业技能鉴定考评人员资格认证,考评人员续聘方式,职业技能鉴定考评人员续聘方式
职业技能鉴定考评人员资格认证,start职业技能鉴定考评人员资格认证,职业技能鉴定考评人员资格认证
职业技能鉴定考评人员资格认证,考评人员资格取得方式,职业技能鉴定考评人员资格取得方式
职业指导,start用人单位的职业指导办理,用人单位的职业指导办理
职业指导,办理流程2,个人求职者职业指导的办理流程
职业指导,用人单位职业指导办理,用人单位职业指导办理
职业指导,办理材料1,用人单位职业指导的办理材料
职业指导,办理条件2,个人求职者职业指导的办理条件
职业指导,办理流程1,用人单位职业指导的办理流程
职业指导,办理材料2,个人求职者职业指导的办理材料
职业指导,start职业指导,职业指导
职业指导,办理条件1,用人单位职业指导的办理条件
职业指导,start个人求职者的职业指导办理,个人求职者的职业指导办理
职业指导,个人求职者职业指导办理,个人求职者职业指导办理
职业资格日常鉴定申报,start职业资格日常鉴定申报,职业资格日常鉴定申报
职业资格日常鉴定申报,职业资格日常鉴定申报条件,职业资格日常鉴定申报条件
职业资格日常鉴定申报,职业资格日常鉴定申报流程,职业资格日常鉴定申报流程
职业资格统一鉴定申报,start职业资格统一鉴定申报,职业资格统一鉴定申报
职业资格统一鉴定申报,全省统一职业资格鉴定申报条件,全省统一职业资格鉴定申报条件
职业资格统一鉴定申报,全省统一职业资格鉴定申报流程,全省统一职业资格鉴定申报流程
职称申报,start职称申报,职称申报
职称申报,职称评审的申报地址,职称评审的申报地址
职称申报,人才考核认定申报,高层次和急需紧缺人才考核认定申报
职称申报,职称初定申报,职称初定申报
职称申报,职称评审申报的其他政策,职称评审申报的其他政策
职称申报,可以在江苏省申报职称的对象,可以在江苏省申报职称的对象
职称申报,对象及职称申报方式,留学回国人员、港澳台同胞以及外籍人士、军队转业干部职称的申报方式
职称申报,军队转业干部,军队转业干部职称的申报方式
职称申报,留学回国人员,留学回国人员职称的申报方式
职称申报,港澳台同胞以及外籍人士,港澳台同胞以及外籍人士在我省职称的申报方式
职称申报,高级职称的申报地址,高级职称的申报地址
职称申报,初级、中级职称的申报地址,初级、中级职称的申报地址
职称申报,单位变动对职称的影响,单位变动对职称的影响
职称申报,材料注意事项,职称申报准备材料注意事项
职称申报,提供聘书要求,职称评审对提供聘书要求
职称申报,职称效用的规定,职称效用的规定
职称申报,文件的聘任要求,单位变动对专业技术文件的聘任要求
职称申报,委托方式,职称评审的委托方式
职称申报,互认的方法,职业资格和职称等级互认的方法
职称申报,保险费缴纳要求,职称申报人员社会保险费缴纳要求
职称申报,继续教育学时规定,职称申报专业继续教育学时的规定
职称申报,认定方式,引进的专业技术人才职称的认定方式
职称申报,认定方法,申报职称时学历的认定方法
职称申报,计算方法,职称申报资历年限的计算方法
职称申报,跨系列申报,如何同级转评和跨系列申报职称
职称申报,start职称关于评审申报的其他政策,职称关于评审申报的其他政策
职称申报,start申报地址入口,关于职称评审的申报地址
职称申报,start申报方式入口,可以在江苏省申报职称的对象及申报方式
职称证书,start职称证书,职称证书
职称证书,在线查询,职称证书在线查询
职称证书,在线补办,职称证书在线补办
职称证书,在线领取,职称证书在线领取
职称证书,初中级证书查询方法,初中级证书查询方法
职称证书,高级职称证书证明方法,高级职称证书证明方法
职称证书,高级职称证书的查询方法,高级职称证书的查询方法
职称证书,丢失初级对评中级职称是否有影响,初级职称的证书丢失对评中级职称是否有影响
职称证书,初中级职称证书补办方式,初中级职称证书补办方式
职称证书,高级职称证书补办的方式,高级职称证书补办方式
职称证书,初中级职称证书领取方式,初中级职称证书领取方式
职称证书,高级职称证书的领取方式,高级职称证书的领取方式
职称证书,start在线补办入口,职称证书在线补办方法及初级证书丢失对于评中级职称的影响
职称证书,start在线查询入口<br/>,职称证书在线查询的方法及高级职称证书的证明方法
职称证书,start在线领取入口,初中级和高级职称证书的领取
职称评审委员会组建申请,start职称评审委员会组建申请,职称评审委员会组建申请
职称评审委员会组建申请,评审委员会批准部门,组建高级专业技术资格评审委员会批准部门
职称评审委员会组建申请,组建职称评审委员会的条件,组建职称评审委员会的条件
行政复议,start行政复议,行政复议
行政复议,解决行政争议的途径,解决行政争议的途径
行政复议,定义,行政复议的定义
行政复议,主管部门,行政复议的主管部门
行政复议,受理审查,行政复议的受理审查
行政复议,审理期限,行政复议的审理期限
行政复议,审理方式,行政复议的审理方式
行政复议决定,行政复议决定的履行,行政复议决定的履行
行政复议决定,start行政复议决定,行政复议决定
行政复议决定,行政复议决定的种类,行政复议决定的种类
行政复议决定,不服行政复议决定的处理方式,不服行政复议决定的处理方式
行政复议的申请,申请行政复议的期限,申请行政复议的期限
行政复议的申请,申请行政复议的情形,申请复议情形
行政复议的申请,start行政复议的申请,行政复议的申请
行政复议的申请,start申请行政复议的情形入口,申请行政复议的情形
行政复议的申请,申请人义务,行政复议申请人的义务
行政复议的申请,可以申请行政复议的情形,可以申请行政复议的情形
行政复议的申请,行政复议的申请人,复议申请人
行政复议的申请,申请人权利,行政复议申请人的权利
行政复议的申请,申请行政复议的条件,申请行政复议的条件
行政复议的申请,申请行政复议的方式,申请行政复议的方式
行政复议的申请,行政复议申请地址,行政复议申请地址
行政复议的申请,不能申请行政复议的情形,不能申请行政复议的情形
行政复议的申请,start行政复议的申请人入口,行政复议的申请人
表彰奖励优秀农民工及农民工工作先进集体,优秀农民工,优秀农民工
表彰奖励优秀农民工及农民工工作先进集体,start申报条件入口,优秀农民工及农民工工作先进集体的申报条件
表彰奖励优秀农民工及农民工工作先进集体,奖励形式,对优秀农民工或农民工工作先进集体的奖励形式
表彰奖励优秀农民工及农民工工作先进集体,start表彰奖励优秀农民工及其先进集体,表彰奖励优秀农民工及农民工工作先进集体
表彰奖励优秀农民工及农民工工作先进集体,评选程序,优秀农民工及农民工工作先进集体的评选程序
表彰奖励优秀农民工及农民工工作先进集体,农民工工作先进集体,农民工工作先进集体
表彰奖励优秀农民工及农民工工作先进集体,申报条件,农民工及先进集体申报条件
被征地农民养老补助金恢复发放,start被征地农民养老补助金恢复发放,被征地农民养老补助金恢复发放
被征地农民养老补助金恢复发放,申领流程,被征地农民养老补助金待遇恢复发放的申领流程
被征地农民养老补助金恢复发放,适用情形,被征地农民养老补助金恢复发放的适用情形
被征地农民社会保障保费退返,退返方法,被征地农民社会保障保费退返方法
被征地农民社会保障保费退返,起始时间,被征地农民社会保障保费退返的起始时间
被征地农民社会保障保费退返,退返标准,被征地农民社会保障保费的退返标准
被征地农民社会保障保费退返,start被征地农民社会保障保费退返,被征地农民社会保障保费退返
被征地农民社会保障保费退返,申领流程,被征地农民社会保障保费退返申请流程
被征地农民社会保障对象注销登记,start被征地农民社会保障对象注销登记,被征地农民社会保障对象注销登记
被征地农民社会保障对象注销登记,受理部门,被征地农民社会保障对象注销登记受理部门
被征地农民社会保障对象注销登记,适用情形,被征地农民社会保障对象注销登记的适用情形
被征地农民社会保障对象注销登记,个人分账户的处理方法,被征地农民社会保障对象注销登记个人分账户的处理方法
设立技工学校审批,start设立技工学校审批,设立技工学校审批
设立技工学校审批,设立技工学校申报条件,设立技工学校申报条件
设立技工学校审批,设立技工学校申报材料,设立技工学校申报材料
设立技工学校审批,设立技工学校审批流程,设立技工学校审批流程
调整工资标准核定,start调整工资标准核定,事业单位工作人员调整工资标准工资核定
调整工资标准核定,办理对象,事业单位工作人员调整工资标准工资核定办理对象
调整工资标准核定,办理流程,事业单位工作人员调整工资标准核定办理流程
调整工资标准核定,办理条件,事业单位工作人员调整工资标准核定办理条件
跨序列岗位变动工资核定,办理对象,事业单位工作人员跨序列岗位变动工资核定办理对象
跨序列岗位变动工资核定,办理条件,事业单位工作人员跨序列岗位变动工资核定办理条件
跨序列岗位变动工资核定,办理流程,事业单位工作人员跨序列岗位变动工资核定办理流程
跨序列岗位变动工资核定,start跨序列岗位变动工资核定,事业单位工作人员跨序列岗位变动工资核定
跨序列岗位变动工资核定,办理材料,事业单位工作人员跨序列岗位变动工资核定办理材料
转岗转业培训,start转岗转业培训,转岗转业培训
转岗转业培训,办理条件,转岗转业培训的办理条件
转岗转业培训,办理材料,转岗转业培训的办理材料
转岗转业培训,办理地点,转岗转业培训的办理地点
转正定级工资核定,start转正定级工资核定,事业单位工作人员转正定级工资核定
转正定级工资核定,办理流程,事业单位工作人员转正定级工资核定办理流程
转正定级工资核定,办理条件,事业单位工作人员转正定级工资核定办理条件
转正定级工资核定,办理对象,事业单位工作人员转正定级工资核定办理对象
退役士兵安置调动工资核定,办理对象,事业单位工作人员退役士兵安置调动工资核定办理对象
退役士兵安置调动工资核定,办理流程,事业单位工作人员退役士兵安置调动工资核定办理流程
退役士兵安置调动工资核定,start退役士兵安置调动工资核定,事业单位工作人员退役士兵安置调动工资核定
退役士兵安置调动工资核定,办理材料,事业单位工作人员退役士兵安置调动工资核定办理材料
退役士兵安置调动工资核定,办理条件,事业单位工作人员退役士兵安置调动工资核定办理条件
退役运动员安置调动工资核定,办理对象,事业单位工作人员退役运动员安置调动工资核定办理对象
退役运动员安置调动工资核定,start退役运动员安置调动工资核定,事业单位工作人员退役运动员安置调动工资核定
退役运动员安置调动工资核定,办理条件,事业单位工作人员退役运动员安置调动工资核定办理条件
退役运动员安置调动工资核定,办理材料,事业单位工作人员退役运动员安置调动工资核定办理材料
退役运动员安置调动工资核定,办理流程,事业单位工作人员退役运动员安置调动工资核定办理流程
长病假人员工资核定,start长病假人员工资核定,事业单位工作人员长病假工资核定
长病假人员工资核定,办理材料,事业单位工作人员长病假工资核定办理材料
长病假人员工资核定,办理对象,事业单位工作人员长病假工资核定办理对象
长病假人员工资核定,办理流程,事业单位工作人员长病假工资核定办理流程
集体合同审查,start集体合同,集体合同
集体合同审查,集体合同的定义,集体合同的定义
集体合同审查,集体合同的签订,集体合同的签订
集体合同审查,集体合同的生效时间,集体合同的生效时间
集体合同审查,集体合同审查,集体合同审查
集体合同审查,集体合同的续订,集体合同的续订
集体合同审查,集体合同变更或解除的情形,集体合同变更或解除的情形
集体合同审查,集体合同的提前解除,集体合同的提前解除
集体合同审查,集体合同的终止,集体合同的终止
集体合同审查,集体合同审查的定义,集体合同审查的定义
集体合同审查,集体合同审查的时限,集体合同审查的时限
集体合同审查,申请集体合同审查的材料,申请集体合同审查的材料
集体合同审查,start集体合同的审查,集体合同的审查
集体合同审查,集体合同解除,集体合同解除
集体合同审查,start集体合同的解除,集体合同的解除
非因工伤残或因病丧失劳动能力鉴定,start非因工伤残或因病丧失劳动鉴定,非因工伤残或因病丧失劳动能力鉴定
非因工伤残或因病丧失劳动能力鉴定,申请条件,非因工伤残或因病丧失劳动能力鉴定的申请条件
非因工伤残或因病丧失劳动能力鉴定,受理部门,非因工伤残或因病丧失劳动能力鉴定的受理部门
非因工伤残或因病丧失劳动能力鉴定,申请材料,非因工伤残或因病丧失劳动能力鉴定的申请材料
非法用工单位伤亡人员赔偿判定,start非法用工单位伤亡人员赔偿判定,非法用工单位伤亡人员赔偿判定
非法用工单位伤亡人员赔偿判定,暴力伤害,因履行工作职责受到暴力伤害的材料
非法用工单位伤亡人员赔偿判定,申请材料,非法用工单位赔偿判定材料
非法用工单位伤亡人员赔偿判定,申请时限,非法用工单位伤亡人员赔偿判定的申请时限
非法用工单位伤亡人员赔偿判定,赔偿的办法,非法用工单位对伤亡人员进行赔偿的办法
非法用工单位伤亡人员赔偿判定,交通事故,上下班途中，受到非本人主要责任的交通事故或者城市轨道交通、客运轮渡、火车事故伤害的材料
非法用工单位伤亡人员赔偿判定,因公负伤,属于因战、因公负伤致残的转业、复员军人，旧伤复发的材料
非法用工单位伤亡人员赔偿判定,委托律师,申请人委托律师事务所办理工伤认定的材料
非法用工单位伤亡人员赔偿判定,抢险救灾,在抢险救灾等维护国家利益、公众利益活动中受到伤害的材料
非法用工单位伤亡人员赔偿判定,下落不明,因工外出期间，发生事故下落不明的，申请因工死亡的材料
非法用工单位伤亡人员赔偿判定,死亡,职工或童工死亡的材料
非法用工单位伤亡人员赔偿判定,突发疾病,在工作时间和工作岗位，突发疾病死亡或者在48小时之内经抢救无效死亡的材料
非法用工单位伤亡人员赔偿判定,外出伤害,因工外出期间，由于工作原因受到伤害的材料
非法用工单位伤亡人员赔偿判定,start申请材料入口,非法用工单位伤亡人员赔偿判定的申请材料
骗取社会保险待遇或基金支出的处罚,处罚结果,骗取社会保险待遇或基金支出的处罚结果
骗取社会保险待遇或基金支出的处罚,失业保险基金欺诈骗取行为,失业保险基金欺诈骗取行为
骗取社会保险待遇或基金支出的处罚,处罚情形,处罚情形
骗取社会保险待遇或基金支出的处罚,start处罚情形入口,骗取社保待遇或基金支出的处罚情形
骗取社会保险待遇或基金支出的处罚,养老保险基金欺诈骗取行为,养老保险基金欺诈骗取行为
骗取社会保险待遇或基金支出的处罚,工伤保险基金欺诈骗取行为,工伤保险基金欺诈骗取行为
骗取社会保险待遇或基金支出的处罚,start骗取社保待遇或基金支出的处罚,骗取社会保险待遇或基金支出的处罚
高技能人才海外培训,start高技能人才海外培训,高技能人才海外培训
高技能人才海外培训,办理材料,高技能人才海外培训的办理材料
高技能人才海外培训,办理地点,高技能人才海外培训的办理地点
高技能人才海外培训,办理条件,高技能人才海外培训的办理条件
高校毕业生招聘会展位申请,申请材料,高校毕业生招聘会展位申请材料
高校毕业生招聘会展位申请,start高校毕业生招聘会展位申请,高校毕业生招聘会展位申请
高校毕业生招聘会展位申请,申请对象,高校毕业生招聘会展位申请对象
高校毕业生招聘会展位申请,线上招聘会的申请流程,线上招聘会的申请流程
高校毕业生招聘会展位申请,线下招聘会的申请流程,线下招聘会的申请流程
高校毕业生招聘会展位申请,申请条件,高校毕业生招聘会展位申请条件
高校毕业生招聘会展位申请,start高校毕业生招聘会展位申请流程,高校毕业生招聘会展位申请流程
高校毕业生招聘会展位申请,申请流程,毕业生招聘会展位申请流程
高校毕业生接收手续,高校毕业生个人办理,高校毕业生个人办理
高校毕业生接收手续,start高校毕业生接收手续办理材料,高校毕业生接收手续办理材料
高校毕业生接收手续,start高校毕业生接收手续,高校毕业生接收手续
高校毕业生接收手续,高校毕业生接收手续办理流程,高校毕业生接收手续办理流程
高校毕业生接收手续,高校毕业生接收手续办理对象条件,高校毕业生接收手续的办理对象及条件
高校毕业生接收手续,用人单位办理,用人单位办理
高校毕业生接收手续,毕业生接收手续办理材料,毕业生接收手续办理材料
高校毕业生求职登记,办理流程,高校毕业生求职登记的办理流程
高校毕业生求职登记,办理材料,高校毕业生求职登记的办理材料
高校毕业生求职登记,start高校毕业生求职登记,高校毕业生求职登记
高校毕业生求职登记,办理对象及条件,高校毕业生求职登记的办理对象及条件
高校毕业生网络招聘,办理流程,高校毕业生网络招聘的办理流程
高校毕业生网络招聘,办理材料,高校毕业生网络招聘的办理材料
高校毕业生网络招聘,办理条件,高校毕业生网络招聘的办理条件
高校毕业生网络招聘,办理对象,高校毕业生网络招聘的办理对象
高校毕业生网络招聘,start高校毕业生网络招聘,高校毕业生网络招聘
高端人才引进服务,高端人才引进服务办理条件,高端人才引进服务办理条件
高端人才引进服务,start高端人才引进服务,高端人才引进服务
高端人才引进服务,高端人才引进的对象,高端人才引进的对象
高端人才引进服务,高端人才引进服务办理对象,高端人才引进服务办理对象
高端人才引进服务,高端人才引进服务办理流程,高端人才引进服务办理流程
高端人才引进服务,高端人才引进服务办理材料,高端人才引进服务办理材料
高级技师岗位技能提升培训,start高级技师岗位技能提升培训,高级技师岗位技能提升培训
高级技师岗位技能提升培训,办理条件,高级技师岗位技能提升培训的办理条件
高级技师岗位技能提升培训,办理材料,高级技师岗位技能提升培训的办理材料
高级技师岗位技能提升培训,办理地点,高级技师岗位技能提升培训的办理地点
